sku,reference_volume,reference_price
AGUILA 0 BOTELLA RETORNABLE 330.0,146.0668807,9882.637044
AGUILA 0 LATA NO RETORNABLE 330.0,1908.285854,8119.639974
AGUILA 0 LATA NO RETORNABLE 355.0,0.522846337,4576.570801
AGUILA CERO BOTELLA RETORNABLE 330.0,0.954765974,7725.933105
AGUILA CERO LATA NO RETORNABLE 330.0,24.96337984,8662.55599
AGUILA CERO LATA NO RETORNABLE 355.0,0.133952664,8129.153971
AGUILA CTE BOTELLA NO RETORNABLE 330.0,2557.229201,8446.163737
AGUILA CTE BOTELLA NO RETORNABLE 500.0,3.731525425,2999.40625
AGUILA CTE BOTELLA RETORNABLE 1000.0,78216.29459,6418.955241
AGUILA CTE BOTELLA RETORNABLE 250.0,1312.53848,11926.15462
AGUILA CTE BOTELLA RETORNABLE 330.0,467958.6401,9263.900391
AGUILA CTE BOTELLA RETORNABLE 750.0,26388.55144,7866.646159
AGUILA CTE LATA NO RETORNABLE 269.0,13193.09922,9228.290039
AGUILA CTE LATA NO RETORNABLE 330.0,72254.69357,9589.21224
AGUILA CTE LATA NO RETORNABLE 355.0,32.35128064,9008.68929
AGUILA CTE LATA NO RETORNABLE 473.0,9688.271092,8449.887044
AGUILA FUSION BOTELLA RETORNABLE 330.0,0.269151002,8315.165039
AGUILA FUSION LATA NO RETORNABLE 269.0,2.36659385,9293.680664
AGUILA IMPERIAL BOTELLA NO RETORNABLE 330.0,183.4452565,10990.52539
AGUILA IMPERIAL BOTELLA RETORNABLE 330.0,1213.353951,10746.27148
AGUILA LIGHT BOTELLA NO RETORNABLE 300.0,1.092346505,9666.666992
AGUILA LIGHT BOTELLA NO RETORNABLE 330.0,90.37730843,9819.084635
AGUILA LIGHT BOTELLA RETORNABLE 1000.0,43785.66112,6354.064941
AGUILA LIGHT BOTELLA RETORNABLE 250.0,3060.913264,11187.9528
AGUILA LIGHT BOTELLA RETORNABLE 330.0,200359.2505,9836.569661
AGUILA LIGHT BOTELLA RETORNABLE 750.0,21759.64561,7273.473145
AGUILA LIGHT LATA NO RETORNABLE 269.0,13049.05636,8688.128581
AGUILA LIGHT LATA NO RETORNABLE 296.0,74.49514868,9612.679036
AGUILA LIGHT LATA NO RETORNABLE 330.0,18706.13456,9844.107422
AGUILA LIGHT LATA NO RETORNABLE 473.0,15736.89491,8429.06543
AUSTEN OTRAS LATA NO RETORNABLE 330.0,3587.450912,5226.571777
AZTECA CTE LATA NO RETORNABLE 330.0,14938.17112,5436.970052
BAHIA CTE LATA NO RETORNABLE 330.0,27845.45302,5594.831543
BECK'S CTE BOTELLA NO RETORNABLE 275.0,8.352226927,10977.38346
BECK'S CTE LATA NO RETORNABLE 269.0,3.096999159,11152.41504
BECK'S CTE LATA NO RETORNABLE 330.0,3.555523963,9541.569336
BECK'S CTE LATA NO RETORNABLE 355.0,2.558918137,5633.801758
BOGOTA BEER COMPANY CAJICA BOTELLA NO RETORNABLE 330.0,129.4800036,14346.82585
BOGOTA BEER COMPANY CAJICA LATA NO RETORNABLE 269.0,271.9388161,13378.51432
BOGOTA BEER COMPANY CHAPINERO BOTELLA NO RETORNABLE 330.0,0.317228495,15043.31299
BOGOTA BEER COMPANY LA COTIDIANA LATA NO RETORNABLE 269.0,0.88006766,13125.03743
BOGOTA BEER COMPANY LAGER BOTELLA NO RETORNABLE 330.0,61.97663956,11577.81999
BOGOTA BEER COMPANY MONSERRATE BOTELLA NO RETORNABLE 330.0,33.67561314,14030.67611
BOGOTA BEER COMPANY OTRAS BARRIL NO RETORNABLE null.0,0.0345,7414.38623
BOGOTA BEER COMPANY ROSE BOTELLA NO RETORNABLE 330.0,63.3160929,15127.55241
BOGOTA BEER COMPANY ROSE LATA NO RETORNABLE 269.0,223.457375,15068.80957
BOGOTA BEER COMPANY SEPTIMAZO BOTELLA NO RETORNABLE 330.0,0.00495,20300
BUDWEISER T. BOTELLA NO RETORNABLE 250.0,2809.223275,13440.40723
BUDWEISER T. BOTELLA RETORNABLE 250.0,955.5589041,12456.61035
BUDWEISER T. BOTELLA RETORNABLE 330.0,357.5996508,10683.52148
BUDWEISER T. LATA NO RETORNABLE 269.0,25538.53082,10643.75911
BUDWEISER T. LATA NO RETORNABLE 355.0,49.38877687,6875.374512
BUSCH LIGHT LATA NO RETORNABLE 330.0,4.444744358,9090.911133
CLUB COLOMBIA DOBLE MALTA BOTELLA NO RETORNABLE 330.0,0.019799999,8156.565918
CLUB COLOMBIA DOBLE MALTA BOTELLA RETORNABLE 330.0,8.506189439,10079.57096
CLUB COLOMBIA DOBLE MALTA LATA NO RETORNABLE 330.0,2.112709027,9789.111979
CLUB COLOMBIA GRAN DORADA BOTELLA RETORNABLE null.0,17271.54379,7298.528971
CLUB COLOMBIA JUAN VALDEZ LATA NO RETORNABLE 269.0,140.8639752,13383.44434
CLUB COLOMBIA NEGRA BOTELLA NO RETORNABLE 330.0,47.99588172,11822.3597
CLUB COLOMBIA NEGRA BOTELLA RETORNABLE 330.0,1544.20419,13054.21126
CLUB COLOMBIA NEGRA LATA NO RETORNABLE 330.0,1332.240794,11161.08268
CLUB COLOMBIA NEGRA LATA NO RETORNABLE 355.0,0.085199998,7323.943848
CLUB COLOMBIA OKTOBERFEST BOTELLA RETORNABLE 330.0,36.72233326,10606.06055
CLUB COLOMBIA OKTOBERFEST LATA NO RETORNABLE 330.0,0.820797681,8858.575358
CLUB COLOMBIA PREMIUM/EXTRA FINA BOTELLA NO RETORNABLE 330.0,339.1062064,10504.89193
CLUB COLOMBIA PREMIUM/EXTRA FINA BOTELLA RETORNABLE 330.0,54813.37102,11879.84701
CLUB COLOMBIA PREMIUM/EXTRA FINA LATA NO RETORNABLE 269.0,8033.79755,9138.975586
CLUB COLOMBIA PREMIUM/EXTRA FINA LATA NO RETORNABLE 330.0,29711.92154,10053.69434
CLUB COLOMBIA PREMIUM/EXTRA FINA LATA NO RETORNABLE 355.0,27.1427712,9576.126953
CLUB COLOMBIA PREMIUM/EXTRA FINA LATA NO RETORNABLE 473.0,10981.23687,8974.984701
CLUB COLOMBIA ROJA BOTELLA NO RETORNABLE 330.0,6.064710666,11856.10938
CLUB COLOMBIA ROJA BOTELLA RETORNABLE 330.0,2458.363638,13444.89714
CLUB COLOMBIA ROJA LATA NO RETORNABLE 330.0,2436.523014,10617.75684
CLUB COLOMBIA TRIGO BOTELLA NO RETORNABLE 330.0,34.67016144,12400.54004
CLUB COLOMBIA TRIGO BOTELLA RETORNABLE 330.0,1718.30467,12958.11198
CLUB COLOMBIA TRIGO LATA NO RETORNABLE 330.0,1775.317865,10942.00716
CORONA CERO BOTELLA NO RETORNABLE 330.0,1412.613265,14444.29557
CORONA CERO LATA NO RETORNABLE 269.0,319.3000439,11599.96875
CORONA EXTRA BOTELLA NO RETORNABLE 210.0,111.441718,14956.90625
CORONA EXTRA BOTELLA NO RETORNABLE 330.0,18593.32669,13578.31445
CORONA EXTRA BOTELLA NO RETORNABLE 355.0,177.1708597,16077.05566
CORONA EXTRA BOTELLA RETORNABLE 330.0,7663.760105,18258.37891
CORONA EXTRA LATA NO RETORNABLE 269.0,6347.920865,12906.21875
CORONITA EXTRA BOTELLA NO RETORNABLE 207.0,158.1698373,14088.0306
CORONITA EXTRA BOTELLA NO RETORNABLE 210.0,63133.26769,16649.11719
CORONITA EXTRA BOTELLA RETORNABLE 210.0,1897.699514,19605.57292
COSTENA BACANA BOTELLA NO RETORNABLE 320.0,35.48085692,9209.217773
COSTENA BACANA BOTELLA RETORNABLE 320.0,91266.52966,8466.455404
COSTENA BACANA LATA NO RETORNABLE 269.0,4560.867769,8246.247396
COSTENA BACANA LATA NO RETORNABLE 330.0,28917.14755,9257.112305
COSTENA BACANA LATA NO RETORNABLE 473.0,1074.072288,7996.980469
COSTENA CTE BOTELLA RETORNABLE 1000.0,29.80045286,3833.333333
COSTENA CTE BOTELLA RETORNABLE 330.0,101692.9653,6532.398112
COSTENA CTE BOTELLA RETORNABLE 750.0,55260.78561,5205.894206
COSTENA CTE LATA NO RETORNABLE 296.0,58.53349964,5249.763672
COSTENA CTE LATA NO RETORNABLE 330.0,14807.91336,5569.367025
COSTENITA CTE BOTELLA RETORNABLE 175.0,40210.55333,16011.78385
CUSQUENA CTE BOTELLA NO RETORNABLE 310.0,1.420595334,51398.99479
CUSQUENA CTE BOTELLA NO RETORNABLE 330.0,149.6799326,13415.00488
KAUFMANN OTRAS LATA NO RETORNABLE 330.0,4708.474804,5971.262044
MICHELOB ULTRA CTE BOTELLA NO RETORNABLE 355.0,43.52380371,8800.439616
MICHELOB ULTRA CTE LATA NO RETORNABLE 269.0,902.148687,10629.84408
MODELO ESPECIAL BOTELLA NO RETORNABLE 355.0,682.6916371,17642.77279
NATIVA T. BOTELLA RETORNABLE 250.0,43.27549782,4809.056641
NATIVA T. BOTELLA RETORNABLE 330.0,11325.35967,5937.096354
PILSEN CTE BOTELLA RETORNABLE 1000.0,22908.03395,6876.017741
PILSEN CTE BOTELLA RETORNABLE 300.0,38.08415699,10653.00488
PILSEN CTE BOTELLA RETORNABLE 330.0,29949.86583,11297.68359
PILSEN CTE BOTELLA RETORNABLE 750.0,4.382904216,8414.47819
PILSEN CTE LATA NO RETORNABLE 330.0,2130.880794,8238.933431
PILSEN CTE LATA NO RETORNABLE 355.0,0.383277679,10281.14258
PILSEN CTE LATA NO RETORNABLE 473.0,11909.49893,8487.350586
POKER CTE BOTELLA NO RETORNABLE 330.0,305.3973914,7143.046387
POKER CTE BOTELLA RETORNABLE 1000.0,113288.0049,6296.467122
POKER CTE BOTELLA RETORNABLE 250.0,14727.8309,10087.49349
POKER CTE BOTELLA RETORNABLE 300.0,86.21205871,10253.1123
POKER CTE BOTELLA RETORNABLE 330.0,253822.6008,9542.738607
POKER CTE BOTELLA RETORNABLE 750.0,29029.63474,7131.441895
POKER CTE LATA NO RETORNABLE 269.0,13519.76459,8627.18457
POKER CTE LATA NO RETORNABLE 330.0,48550.21778,9607.730794
POKER CTE LATA NO RETORNABLE 355.0,12.78464201,8821.849284
POKER CTE LATA NO RETORNABLE 473.0,32595.68759,8347.401042
POKER CTE OTROS ENVASES NO RETORNABLE 330.0,767.728051,9654.465495
POKER LIGERA BOTELLA RETORNABLE 330.0,454.4198984,8814.861328
POKER LIGERA LATA NO RETORNABLE 330.0,0.0033,87878.78906
POKER PURA MALTA BOTELLA RETORNABLE 330.0,2.097667446,8920.822021
POKER PURA MALTA LATA NO RETORNABLE 330.0,13.55939448,9209.432943
POKER ROJA LATA NO RETORNABLE 330.0,0.234100488,10858.55908
REDD'S CTE BOTELLA NO RETORNABLE 250.0,0.854039387,21786.93945
REDD'S CTE BOTELLA RETORNABLE 330.0,209.3240696,11526.17806
REDD'S CTE LATA NO RETORNABLE 269.0,4155.742323,12373.85352
REDD'S CTE LATA NO RETORNABLE 296.0,7.113075763,10635.64128
REDD'S ROSE LATA NO RETORNABLE 269.0,1258.96471,12931.11361
STELLA ARTOIS T. BARRIL NO RETORNABLE null.0,5.757584295,10775.51335
STELLA ARTOIS T. BOTELLA NO RETORNABLE 300.0,6880.645859,16639.55078
STELLA ARTOIS T. BOTELLA NO RETORNABLE 330.0,214.3004184,17267.70182
STELLA ARTOIS T. LATA NO RETORNABLE 250.0,0.223332997,15123.73372
STELLA ARTOIS T. LATA NO RETORNABLE 269.0,2078.448679,12892.111
STELLA ARTOIS T. LATA NO RETORNABLE 330.0,0.411320512,11711.85352
AGUILA FUSION BOTELLA RETORNABLE 175.0,164.4145723,9595.736816
COSTENA CTE BOTELLA RETORNABLE 350.0,219.9676056,4743.738566
CLUB COLOMBIA SIEMBRA BOTELLA RETORNABLE 330.0,0.0033,9090.90918
CLUB COLOMBIA PREMIUM/EXTRA FINA BOTELLA NO RETORNABLE 900.0,0.0045,3333.376587
AGUILA LIGHT LATA NO RETORNABLE 300.0,15.92799212,9874.962891
AGUILA CERO BOTELLA NO RETORNABLE 330.0,0.238854664,8115.589355
CLUB COLOMBIA ROJA LATA NO RETORNABLE 355.0,0.251700494,7353.964844
BOGOTA BEER COMPANY CANDELARIA BOTELLA NO RETORNABLE 330.0,0.033000001,13030.30273
BOGOTA BEER COMPANY OTRAS BOTELLA NO RETORNABLE 330.0,0.00693,32604.54492
AGUILA LIGHT BOTELLA NO RETORNABLE 200.0,0.096000003,5916.666504
POKER CTE BOTELLA NO RETORNABLE 300.0,0.00288,4895.833496
BUDWEISER T. BOTELLA NO RETORNABLE null.0,0.018899999,7380.952637
POKER ROJA LATA NO RETORNABLE 355.0,0.414769009,8450.708984
BECK'S CTE BOTELLA RETORNABLE 275.0,2.114138056,9090.908203
