SKU OG,SKU AC
brand82 sub_brand36 LATA NO RETORNABLE 330.0,COLA & POLA LIMONADA DE COCO LATA NO RETORNABLE 330.0
brand89 sub_brand3 BOTELLA NO RETORNABLE 1500.0,ANDINA COLOMBIANA CTE BOTELLA NO RETORNABLE 1500.0
brand82 sub_brand3 BOTELLA NO RETORNABLE 330.0,COLA & POLA CTE BOTELLA NO RETORNABLE 330.0
brand82 sub_brand39 LATA NO RETORNABLE 330.0,COLA & POLA LIMA LIMON LATA NO RETORNABLE 330.0
brand82 sub_brand3 BOTELLA NO RETORNABLE 400.0,COLA & POLA CTE BOTELLA NO RETORNABLE 400.0
brand82 sub_brand35 LATA NO RETORNABLE 330.0,COLA & POLA LULO LATA NO RETORNABLE 330.0
brand89 sub_brand3 LATA NO RETORNABLE 310.0,ANDINA COLOMBIANA CTE LATA NO RETORNABLE 310.0
brand82 sub_brand3 BOTELLA RETORNABLE 330.0,COLA & POLA CTE BOTELLA RETORNABLE 330.0
brand82 sub_brand26 BOTELLA RETORNABLE 330.0,COLA & POLA ROJA BOTELLA RETORNABLE 330.0
brand82 sub_brand3 BOTELLA NO RETORNABLE 1500.0,COLA & POLA CTE BOTELLA NO RETORNABLE 1500.0
brand89 sub_brand3 BOTELLA NO RETORNABLE 330.0,ANDINA COLOMBIANA CTE BOTELLA NO RETORNABLE 330.0
brand82 sub_brand3 LATA NO RETORNABLE 330.0,COLA & POLA CTE LATA NO RETORNABLE 330.0
brand14 sub_brand3 LATA NO RETORNABLE 310.0,ANDINA CTE LATA NO RETORNABLE 310.0
brand73 sub_brand15 LATA NO RETORNABLE 330.0,KAUFMANN OTRAS LATA NO RETORNABLE 330.0
brand12 sub_brand3 LATA NO RETORNABLE 330.0,POKER CTE LATA NO RETORNABLE 330.0
brand16 sub_brand30 LATA NO RETORNABLE 269.0,AGUILA FUSION LATA NO RETORNABLE 269.0
brand46 sub_brand37 LATA NO RETORNABLE 330.0,OTRAS MARCAS ESPECIAL LATA NO RETORNABLE 330.0
brand11 sub_brand2 BOTELLA NO RETORNABLE 500.0,BITBURGER T. BOTELLA NO RETORNABLE 500.0
brand19 sub_brand14 BOTELLA NO RETORNABLE 330.0,ERDINGER DUNKEL BOTELLA NO RETORNABLE 330.0
brand3 sub_brand12 LATA NO RETORNABLE 269.0,COSTENA BACANA LATA NO RETORNABLE 269.0
brand5 sub_brand2 LATA NO RETORNABLE 500.0,WEIDMANN T. LATA NO RETORNABLE 500.0
brand14 sub_brand5 LATA NO RETORNABLE 310.0,ANDINA LIGHT LATA NO RETORNABLE 310.0
brand16 sub_brand41 BOTELLA NO RETORNABLE 330.0,AGUILA IMPERIAL BOTELLA NO RETORNABLE 330.0
brand19 sub_brand3 LATA NO RETORNABLE 500.0,ERDINGER CTE LATA NO RETORNABLE 500.0
brand57 sub_brand25 BOTELLA NO RETORNABLE 300.0,MILLER LITE BOTELLA NO RETORNABLE 300.0
brand1 sub_brand1 BOTELLA NO RETORNABLE 330.0,CLUB COLOMBIA PREMIUM/EXTRA FINA BOTELLA NO RETORNABLE 330.0
brand14 sub_brand5 LATA NO RETORNABLE 330.0,ANDINA LIGHT LATA NO RETORNABLE 330.0
brand3 sub_brand3 BOTELLA RETORNABLE 750.0,COSTENA CTE BOTELLA RETORNABLE 750.0
brand14 sub_brand3 LATA NO RETORNABLE 473.0,ANDINA CTE LATA NO RETORNABLE 473.0
brand3 sub_brand3 LATA NO RETORNABLE 330.0,COSTENA CTE LATA NO RETORNABLE 330.0
brand16 sub_brand5 LATA NO RETORNABLE 473.0,AGUILA LIGHT LATA NO RETORNABLE 473.0
brand20 sub_brand3 LATA NO RETORNABLE 250.0,HEINEKEN CTE LATA NO RETORNABLE 250.0
brand14 sub_brand5 BOTELLA NO RETORNABLE 300.0,ANDINA LIGHT BOTELLA NO RETORNABLE 300.0
brand13 sub_brand2 BOTELLA NO RETORNABLE 750.0,DUVEL T. BOTELLA NO RETORNABLE 750.0
brand11 sub_brand2 BOTELLA NO RETORNABLE 330.0,BITBURGER T. BOTELLA NO RETORNABLE 330.0
brand16 sub_brand3 LATA NO RETORNABLE 330.0,AGUILA CTE LATA NO RETORNABLE 330.0
brand3 sub_brand12 LATA NO RETORNABLE 473.0,COSTENA BACANA LATA NO RETORNABLE 473.0
brand1 sub_brand10 BOTELLA RETORNABLE 330.0,CLUB COLOMBIA DOBLE MALTA BOTELLA RETORNABLE 330.0
brand41 sub_brand3 LATA NO RETORNABLE 330.0,POLA DEL PUB CTE LATA NO RETORNABLE 330.0
brand7 sub_brand40 BOTELLA NO RETORNABLE 330.0,BOGOTA BEER COMPANY ROSE BOTELLA NO RETORNABLE 330.0
brand46 sub_brand2 BOTELLA NO RETORNABLE 355.0,OTRAS MARCAS T. BOTELLA NO RETORNABLE 355.0
brand25 sub_brand2 LATA NO RETORNABLE 330.0,STELLA ARTOIS T. LATA NO RETORNABLE 330.0
brand9 sub_brand2 LATA NO RETORNABLE 500.0,HOLLANDIA T. LATA NO RETORNABLE 500.0
brand76 sub_brand2 BOTELLA NO RETORNABLE 330.0,APOSTOL T. BOTELLA NO RETORNABLE 330.0
brand12 sub_brand3 LATA NO RETORNABLE 355.0,POKER CTE LATA NO RETORNABLE 355.0
brand46 sub_brand2 BOTELLA NO RETORNABLE 250.0,OTRAS MARCAS T. BOTELLA NO RETORNABLE 250.0
brand15 sub_brand3 BOTELLA RETORNABLE 300.0,PILSEN CTE BOTELLA RETORNABLE 300.0
brand57 sub_brand25 BOTELLA NO RETORNABLE 250.0,MILLER LITE BOTELLA NO RETORNABLE 250.0
brand12 sub_brand3 BOTELLA RETORNABLE 330.0,POKER CTE BOTELLA RETORNABLE 330.0
brand7 sub_brand40 LATA NO RETORNABLE 269.0,BOGOTA BEER COMPANY ROSE LATA NO RETORNABLE 269.0
brand3 sub_brand12 BOTELLA RETORNABLE 320.0,COSTENA BACANA BOTELLA RETORNABLE 320.0
brand57 sub_brand25 BOTELLA RETORNABLE 330.0,MILLER LITE BOTELLA RETORNABLE 330.0
brand51 sub_brand3 LATA NO RETORNABLE 269.0,REDD'S CTE LATA NO RETORNABLE 269.0
brand22 sub_brand13 BOTELLA NO RETORNABLE 750.0,3 CORDILLERAS ROSADA BOTELLA NO RETORNABLE 750.0
brand16 sub_brand3 LATA NO RETORNABLE 355.0,AGUILA CTE LATA NO RETORNABLE 355.0
brand71 sub_brand3 BOTELLA RETORNABLE 175.0,COSTENITA CTE BOTELLA RETORNABLE 175.0
brand15 sub_brand3 BOTELLA RETORNABLE 1000.0,PILSEN CTE BOTELLA RETORNABLE 1000.0
brand78 sub_brand2 BOTELLA NO RETORNABLE 750.0,ABBAYE D'AULNE T. BOTELLA NO RETORNABLE 750.0
brand7 sub_brand22 BOTELLA NO RETORNABLE 330.0,BOGOTA BEER COMPANY MONSERRATE BOTELLA NO RETORNABLE 330.0
brand33 sub_brand3 BOTELLA RETORNABLE 750.0,TECATE CTE BOTELLA RETORNABLE 750.0
brand88 sub_brand3 LATA NO RETORNABLE 355.0,POLAR CTE LATA NO RETORNABLE 355.0
brand1 sub_brand26 LATA NO RETORNABLE 330.0,CLUB COLOMBIA ROJA LATA NO RETORNABLE 330.0
brand39 sub_brand2 BOTELLA NO RETORNABLE 330.0,TORREMOLINOS T. BOTELLA NO RETORNABLE 330.0
brand15 sub_brand3 LATA NO RETORNABLE 355.0,PILSEN CTE LATA NO RETORNABLE 355.0
brand16 sub_brand20 LATA NO RETORNABLE 355.0,AGUILA 0 LATA NO RETORNABLE 355.0
brand20 sub_brand3 LATA NO RETORNABLE 330.0,HEINEKEN CTE LATA NO RETORNABLE 330.0
brand79 sub_brand2 BOTELLA NO RETORNABLE 500.0,SCHOFFERHOFER T. BOTELLA NO RETORNABLE 500.0
brand12 sub_brand21 BOTELLA RETORNABLE 330.0,POKER LIGERA BOTELLA RETORNABLE 330.0
brand26 sub_brand6 LATA NO RETORNABLE 269.0,CORONA CERO LATA NO RETORNABLE 269.0
brand17 sub_brand3 LATA NO RETORNABLE 310.0,SOL CTE LATA NO RETORNABLE 310.0
brand77 sub_brand2 LATA NO RETORNABLE 500.0,KARLSBRAU T. LATA NO RETORNABLE 500.0
brand33 sub_brand3 LATA NO RETORNABLE 355.0,TECATE CTE LATA NO RETORNABLE 355.0
brand1 sub_brand32 BOTELLA RETORNABLE 330.0,CLUB COLOMBIA OKTOBERFEST BOTELLA RETORNABLE 330.0
brand12 sub_brand3 BOTELLA RETORNABLE 750.0,POKER CTE BOTELLA RETORNABLE 750.0
brand22 sub_brand19 BOTELLA NO RETORNABLE 300.0,3 CORDILLERAS BLANCA BOTELLA NO RETORNABLE 300.0
brand16 sub_brand41 BOTELLA RETORNABLE 330.0,AGUILA IMPERIAL BOTELLA RETORNABLE 330.0
brand45 sub_brand2 LATA NO RETORNABLE 269.0,BUDWEISER T. LATA NO RETORNABLE 269.0
brand25 sub_brand2 BARRIL NO RETORNABLE null.0,STELLA ARTOIS T. BARRIL NO RETORNABLE null.0
brand6 sub_brand2 LATA NO RETORNABLE 500.0,STOWFORD T. LATA NO RETORNABLE 500.0
brand22 sub_brand19 BOTELLA NO RETORNABLE 330.0,3 CORDILLERAS BLANCA BOTELLA NO RETORNABLE 330.0
brand12 sub_brand3 BOTELLA NO RETORNABLE 330.0,POKER CTE BOTELLA NO RETORNABLE 330.0
brand13 sub_brand2 BOTELLA NO RETORNABLE 330.0,DUVEL T. BOTELLA NO RETORNABLE 330.0
brand15 sub_brand3 LATA NO RETORNABLE 473.0,PILSEN CTE LATA NO RETORNABLE 473.0
brand14 sub_brand3 BOTELLA RETORNABLE 750.0,ANDINA CTE BOTELLA RETORNABLE 750.0
brand46 sub_brand2 LATA NO RETORNABLE 330.0,OTRAS MARCAS T. LATA NO RETORNABLE 330.0
brand16 sub_brand3 BOTELLA RETORNABLE 250.0,AGUILA CTE BOTELLA RETORNABLE 250.0
brand1 sub_brand32 LATA NO RETORNABLE 330.0,CLUB COLOMBIA OKTOBERFEST LATA NO RETORNABLE 330.0
brand16 sub_brand6 BOTELLA RETORNABLE 330.0,AGUILA CERO BOTELLA RETORNABLE 330.0
brand19 sub_brand14 BOTELLA NO RETORNABLE 500.0,ERDINGER DUNKEL BOTELLA NO RETORNABLE 500.0
brand12 sub_brand3 LATA NO RETORNABLE 473.0,POKER CTE LATA NO RETORNABLE 473.0
brand78 sub_brand2 BOTELLA NO RETORNABLE 330.0,ABBAYE D'AULNE T. BOTELLA NO RETORNABLE 330.0
brand1 sub_brand7 LATA NO RETORNABLE 355.0,CLUB COLOMBIA NEGRA LATA NO RETORNABLE 355.0
brand45 sub_brand2 LATA NO RETORNABLE 355.0,BUDWEISER T. LATA NO RETORNABLE 355.0
brand34 sub_brand3 BOTELLA RETORNABLE 330.0,PL CTE BOTELLA RETORNABLE 330.0
brand7 sub_brand15 BARRIL NO RETORNABLE null.0,BOGOTA BEER COMPANY OTRAS BARRIL NO RETORNABLE null.0
brand46 sub_brand2 LATA NO RETORNABLE 355.0,OTRAS MARCAS T. LATA NO RETORNABLE 355.0
brand14 sub_brand5 LATA NO RETORNABLE 269.0,ANDINA LIGHT LATA NO RETORNABLE 269.0
brand50 sub_brand9 BOTELLA NO RETORNABLE 207.0,CORONITA EXTRA BOTELLA NO RETORNABLE 207.0
brand45 sub_brand2 BOTELLA NO RETORNABLE 250.0,BUDWEISER T. BOTELLA NO RETORNABLE 250.0
brand24 sub_brand2 LATA NO RETORNABLE 500.0,TROOPER T. LATA NO RETORNABLE 500.0
brand43 sub_brand2 BOTELLA NO RETORNABLE 500.0,PAULANER HEFE-WEIBBIER T. BOTELLA NO RETORNABLE 500.0
brand20 sub_brand3 BOTELLA NO RETORNABLE 330.0,HEINEKEN CTE BOTELLA NO RETORNABLE 330.0
brand12 sub_brand21 LATA NO RETORNABLE 330.0,POKER LIGERA LATA NO RETORNABLE 330.0
brand1 sub_brand7 BOTELLA RETORNABLE 330.0,CLUB COLOMBIA NEGRA BOTELLA RETORNABLE 330.0
brand1 sub_brand1 LATA NO RETORNABLE 330.0,CLUB COLOMBIA PREMIUM/EXTRA FINA LATA NO RETORNABLE 330.0
brand46 sub_brand37 BOTELLA NO RETORNABLE 330.0,OTRAS MARCAS ESPECIAL BOTELLA NO RETORNABLE 330.0
brand83 sub_brand3 BOTELLA NO RETORNABLE 310.0,CUSQUENA CTE BOTELLA NO RETORNABLE 310.0
brand12 sub_brand3 BOTELLA RETORNABLE 250.0,POKER CTE BOTELLA RETORNABLE 250.0
brand20 sub_brand17 BOTELLA NO RETORNABLE 330.0,HEINEKEN HEINEKEN 0.0 BOTELLA NO RETORNABLE 330.0
brand14 sub_brand3 LATA NO RETORNABLE 330.0,ANDINA CTE LATA NO RETORNABLE 330.0
brand26 sub_brand9 BOTELLA NO RETORNABLE 210.0,CORONA EXTRA BOTELLA NO RETORNABLE 210.0
brand46 sub_brand2 LATA NO RETORNABLE 500.0,OTRAS MARCAS T. LATA NO RETORNABLE 500.0
brand33 sub_brand3 BOTELLA RETORNABLE 330.0,TECATE CTE BOTELLA RETORNABLE 330.0
brand46 sub_brand2 BOTELLA NO RETORNABLE 330.0,OTRAS MARCAS T. BOTELLA NO RETORNABLE 330.0
brand12 sub_brand3 BOTELLA RETORNABLE 1000.0,POKER CTE BOTELLA RETORNABLE 1000.0
brand20 sub_brand3 LATA NO RETORNABLE 269.0,HEINEKEN CTE LATA NO RETORNABLE 269.0
brand61 sub_brand3 LATA NO RETORNABLE 330.0,BECK'S CTE LATA NO RETORNABLE 330.0
brand15 sub_brand3 BOTELLA RETORNABLE 330.0,PILSEN CTE BOTELLA RETORNABLE 330.0
brand1 sub_brand33 BOTELLA NO RETORNABLE 330.0,CLUB COLOMBIA TRIGO BOTELLA NO RETORNABLE 330.0
brand11 sub_brand2 LATA NO RETORNABLE 500.0,BITBURGER T. LATA NO RETORNABLE 500.0
brand27 sub_brand2 BOTELLA NO RETORNABLE 330.0,CZECHVAR T. BOTELLA NO RETORNABLE 330.0
brand22 sub_brand13 LATA NO RETORNABLE 269.0,3 CORDILLERAS ROSADA LATA NO RETORNABLE 269.0
brand17 sub_brand3 BOTELLA NO RETORNABLE 250.0,SOL CTE BOTELLA NO RETORNABLE 250.0
brand14 sub_brand3 BOTELLA RETORNABLE 330.0,ANDINA CTE BOTELLA RETORNABLE 330.0
brand12 sub_brand16 LATA NO RETORNABLE 330.0,POKER PURA MALTA LATA NO RETORNABLE 330.0
brand16 sub_brand6 LATA NO RETORNABLE 330.0,AGUILA CERO LATA NO RETORNABLE 330.0
brand26 sub_brand9 BOTELLA RETORNABLE 330.0,CORONA EXTRA BOTELLA RETORNABLE 330.0
brand1 sub_brand26 BOTELLA NO RETORNABLE 330.0,CLUB COLOMBIA ROJA BOTELLA NO RETORNABLE 330.0
brand1 sub_brand1 LATA NO RETORNABLE 355.0,CLUB COLOMBIA PREMIUM/EXTRA FINA LATA NO RETORNABLE 355.0
brand10 sub_brand2 LATA NO RETORNABLE 330.0,ELVIS JUICE T. LATA NO RETORNABLE 330.0
brand16 sub_brand5 LATA NO RETORNABLE 269.0,AGUILA LIGHT LATA NO RETORNABLE 269.0
brand3 sub_brand3 BOTELLA RETORNABLE 1000.0,COSTENA CTE BOTELLA RETORNABLE 1000.0
brand38 sub_brand2 LATA NO RETORNABLE 330.0,HAZY JANE T. LATA NO RETORNABLE 330.0
brand25 sub_brand2 BOTELLA NO RETORNABLE 330.0,STELLA ARTOIS T. BOTELLA NO RETORNABLE 330.0
brand51 sub_brand3 BOTELLA NO RETORNABLE 250.0,REDD'S CTE BOTELLA NO RETORNABLE 250.0
brand55 sub_brand2 BOTELLA NO RETORNABLE 330.0,ASPALL T. BOTELLA NO RETORNABLE 330.0
brand54 sub_brand2 BOTELLA NO RETORNABLE 330.0,VEDETT T. BOTELLA NO RETORNABLE 330.0
brand26 sub_brand6 BOTELLA NO RETORNABLE 330.0,CORONA CERO BOTELLA NO RETORNABLE 330.0
brand1 sub_brand7 BOTELLA NO RETORNABLE 330.0,CLUB COLOMBIA NEGRA BOTELLA NO RETORNABLE 330.0
brand34 sub_brand2 LATA NO RETORNABLE 330.0,PL T. LATA NO RETORNABLE 330.0
brand1 sub_brand26 BOTELLA RETORNABLE 330.0,CLUB COLOMBIA ROJA BOTELLA RETORNABLE 330.0
brand1 sub_brand7 LATA NO RETORNABLE 330.0,CLUB COLOMBIA NEGRA LATA NO RETORNABLE 330.0
brand70 sub_brand3 LATA NO RETORNABLE 330.0,PERONI CTE LATA NO RETORNABLE 330.0
brand9 sub_brand2 BOTELLA NO RETORNABLE 650.0,HOLLANDIA T. BOTELLA NO RETORNABLE 650.0
brand33 sub_brand3 BOTELLA NO RETORNABLE 300.0,TECATE CTE BOTELLA NO RETORNABLE 300.0
brand17 sub_brand3 BOTELLA NO RETORNABLE 355.0,SOL CTE BOTELLA NO RETORNABLE 355.0
brand58 sub_brand3 LATA NO RETORNABLE 330.0,AZTECA CTE LATA NO RETORNABLE 330.0
brand1 sub_brand10 LATA NO RETORNABLE 330.0,CLUB COLOMBIA DOBLE MALTA LATA NO RETORNABLE 330.0
brand9 sub_brand2 LATA NO RETORNABLE 330.0,HOLLANDIA T. LATA NO RETORNABLE 330.0
brand20 sub_brand17 LATA NO RETORNABLE 250.0,HEINEKEN HEINEKEN 0.0 LATA NO RETORNABLE 250.0
brand88 sub_brand3 BOTELLA NO RETORNABLE null.0,POLAR CTE BOTELLA NO RETORNABLE null.0
brand64 sub_brand2 BOTELLA NO RETORNABLE 330.0,DELIRIUM T. BOTELLA NO RETORNABLE 330.0
brand33 sub_brand3 LATA NO RETORNABLE 269.0,TECATE CTE LATA NO RETORNABLE 269.0
brand14 sub_brand5 BOTELLA NO RETORNABLE 250.0,ANDINA LIGHT BOTELLA NO RETORNABLE 250.0
brand16 sub_brand5 LATA NO RETORNABLE 330.0,AGUILA LIGHT LATA NO RETORNABLE 330.0
brand7 sub_brand23 LATA NO RETORNABLE 269.0,BOGOTA BEER COMPANY LA COTIDIANA LATA NO RETORNABLE 269.0
brand22 sub_brand27 BOTELLA NO RETORNABLE 330.0,3 CORDILLERAS MESTIZA BOTELLA NO RETORNABLE 330.0
brand32 sub_brand2 BOTELLA RETORNABLE 330.0,NATIVA T. BOTELLA RETORNABLE 330.0
brand16 sub_brand6 LATA NO RETORNABLE 355.0,AGUILA CERO LATA NO RETORNABLE 355.0
brand69 sub_brand2 LATA NO RETORNABLE 330.0,ESTRELLA DAMM T. LATA NO RETORNABLE 330.0
brand22 sub_brand18 BOTELLA NO RETORNABLE 330.0,3 CORDILLERAS MULATA BOTELLA NO RETORNABLE 330.0
brand16 sub_brand5 BOTELLA RETORNABLE 250.0,AGUILA LIGHT BOTELLA RETORNABLE 250.0
brand3 sub_brand12 LATA NO RETORNABLE 330.0,COSTENA BACANA LATA NO RETORNABLE 330.0
brand35 sub_brand2 LATA NO RETORNABLE 330.0,CENTRAL T. LATA NO RETORNABLE 330.0
brand57 sub_brand25 LATA NO RETORNABLE 269.0,MILLER LITE LATA NO RETORNABLE 269.0
brand25 sub_brand2 LATA NO RETORNABLE 250.0,STELLA ARTOIS T. LATA NO RETORNABLE 250.0
brand18 sub_brand2 BOTELLA NO RETORNABLE 330.0,PUNK IPA T. BOTELLA NO RETORNABLE 330.0
brand15 sub_brand3 LATA NO RETORNABLE 330.0,PILSEN CTE LATA NO RETORNABLE 330.0
brand14 sub_brand5 LATA NO RETORNABLE 473.0,ANDINA LIGHT LATA NO RETORNABLE 473.0
brand20 sub_brand3 LATA NO RETORNABLE 473.0,HEINEKEN CTE LATA NO RETORNABLE 473.0
brand46 sub_brand3 BOTELLA NO RETORNABLE 330.0,OTRAS MARCAS CTE BOTELLA NO RETORNABLE 330.0
brand61 sub_brand3 BOTELLA NO RETORNABLE 275.0,BECK'S CTE BOTELLA NO RETORNABLE 275.0
brand18 sub_brand2 LATA NO RETORNABLE 330.0,PUNK IPA T. LATA NO RETORNABLE 330.0
brand46 sub_brand2 BOTELLA NO RETORNABLE 500.0,OTRAS MARCAS T. BOTELLA NO RETORNABLE 500.0
brand75 sub_brand2 BOTELLA NO RETORNABLE 330.0,GULDEN DRAAK T. BOTELLA NO RETORNABLE 330.0
brand22 sub_brand13 BOTELLA NO RETORNABLE 300.0,3 CORDILLERAS ROSADA BOTELLA NO RETORNABLE 300.0
brand14 sub_brand5 BOTELLA RETORNABLE 750.0,ANDINA LIGHT BOTELLA RETORNABLE 750.0
brand3 sub_brand3 BOTELLA RETORNABLE 330.0,COSTENA CTE BOTELLA RETORNABLE 330.0
brand22 sub_brand18 BOTELLA NO RETORNABLE 300.0,3 CORDILLERAS MULATA BOTELLA NO RETORNABLE 300.0
brand52 sub_brand2 LATA NO RETORNABLE 500.0,KOSTRITZER T. LATA NO RETORNABLE 500.0
brand1 sub_brand1 LATA NO RETORNABLE 473.0,CLUB COLOMBIA PREMIUM/EXTRA FINA LATA NO RETORNABLE 473.0
brand22 sub_brand27 BOTELLA NO RETORNABLE 300.0,3 CORDILLERAS MESTIZA BOTELLA NO RETORNABLE 300.0
brand50 sub_brand9 BOTELLA NO RETORNABLE 210.0,CORONITA EXTRA BOTELLA NO RETORNABLE 210.0
brand12 sub_brand3 LATA NO RETORNABLE 269.0,POKER CTE LATA NO RETORNABLE 269.0
brand51 sub_brand3 LATA NO RETORNABLE 296.0,REDD'S CTE LATA NO RETORNABLE 296.0
brand7 sub_brand11 BOTELLA NO RETORNABLE 330.0,BOGOTA BEER COMPANY CHAPINERO BOTELLA NO RETORNABLE 330.0
brand83 sub_brand3 BOTELLA NO RETORNABLE 330.0,CUSQUENA CTE BOTELLA NO RETORNABLE 330.0
brand25 sub_brand2 BOTELLA NO RETORNABLE 300.0,STELLA ARTOIS T. BOTELLA NO RETORNABLE 300.0
brand51 sub_brand3 BOTELLA RETORNABLE 330.0,REDD'S CTE BOTELLA RETORNABLE 330.0
brand16 sub_brand20 BOTELLA RETORNABLE 330.0,AGUILA 0 BOTELLA RETORNABLE 330.0
brand19 sub_brand3 BOTELLA NO RETORNABLE 500.0,ERDINGER CTE BOTELLA NO RETORNABLE 500.0
brand41 sub_brand3 LATA NO RETORNABLE 473.0,POLA DEL PUB CTE LATA NO RETORNABLE 473.0
brand31 sub_brand2 LATA NO RETORNABLE 500.0,PAULANER MUNCHEM-WEISSBIER T. LATA NO RETORNABLE 500.0
brand50 sub_brand9 BOTELLA RETORNABLE 210.0,CORONITA EXTRA BOTELLA RETORNABLE 210.0
brand81 sub_brand3 BOTELLA NO RETORNABLE 355.0,MICHELOB ULTRA CTE BOTELLA NO RETORNABLE 355.0
brand53 sub_brand2 BOTELLA NO RETORNABLE 250.0,LIEFMANS T. BOTELLA NO RETORNABLE 250.0
brand25 sub_brand2 LATA NO RETORNABLE 269.0,STELLA ARTOIS T. LATA NO RETORNABLE 269.0
brand28 sub_brand2 BOTELLA NO RETORNABLE 330.0,KUNSTMANN T. BOTELLA NO RETORNABLE 330.0
brand16 sub_brand20 LATA NO RETORNABLE 330.0,AGUILA 0 LATA NO RETORNABLE 330.0
brand64 sub_brand2 BOTELLA NO RETORNABLE 750.0,DELIRIUM T. BOTELLA NO RETORNABLE 750.0
brand79 sub_brand2 BOTELLA NO RETORNABLE 330.0,SCHOFFERHOFER T. BOTELLA NO RETORNABLE 330.0
brand16 sub_brand3 LATA NO RETORNABLE 269.0,AGUILA CTE LATA NO RETORNABLE 269.0
brand1 sub_brand1 LATA NO RETORNABLE 269.0,CLUB COLOMBIA PREMIUM/EXTRA FINA LATA NO RETORNABLE 269.0
brand16 sub_brand5 BOTELLA RETORNABLE 330.0,AGUILA LIGHT BOTELLA RETORNABLE 330.0
brand80 sub_brand2 LATA NO RETORNABLE 500.0,STEAM BREW T. LATA NO RETORNABLE 500.0
brand31 sub_brand2 BOTELLA NO RETORNABLE 500.0,PAULANER MUNCHEM-WEISSBIER T. BOTELLA NO RETORNABLE 500.0
brand70 sub_brand3 BOTELLA NO RETORNABLE 330.0,PERONI CTE BOTELLA NO RETORNABLE 330.0
brand14 sub_brand3 LATA NO RETORNABLE 269.0,ANDINA CTE LATA NO RETORNABLE 269.0
brand79 sub_brand2 LATA NO RETORNABLE 500.0,SCHOFFERHOFER T. LATA NO RETORNABLE 500.0
brand37 sub_brand2 BOTELLA NO RETORNABLE 330.0,BRUDER T. BOTELLA NO RETORNABLE 330.0
brand48 sub_brand2 BOTELLA NO RETORNABLE 750.0,CHIMAY PERES T. BOTELLA NO RETORNABLE 750.0
brand8 sub_brand2 LATA NO RETORNABLE 330.0,LANDVIK T. LATA NO RETORNABLE 330.0
brand7 sub_brand4 LATA NO RETORNABLE 269.0,BOGOTA BEER COMPANY CAJICA LATA NO RETORNABLE 269.0
brand90 sub_brand3 LATA NO RETORNABLE 330.0,LLAVE CTE LATA NO RETORNABLE 330.0
brand16 sub_brand3 BOTELLA RETORNABLE 330.0,AGUILA CTE BOTELLA RETORNABLE 330.0
brand17 sub_brand3 BOTELLA NO RETORNABLE 330.0,SOL CTE BOTELLA NO RETORNABLE 330.0
brand68 sub_brand2 LATA NO RETORNABLE 500.0,EICHBAUM T. LATA NO RETORNABLE 500.0
brand57 sub_brand25 LATA NO RETORNABLE 330.0,MILLER LITE LATA NO RETORNABLE 330.0
brand1 sub_brand1 BOTELLA RETORNABLE 330.0,CLUB COLOMBIA PREMIUM/EXTRA FINA BOTELLA RETORNABLE 330.0
brand27 sub_brand2 BOTELLA NO RETORNABLE 300.0,CZECHVAR T. BOTELLA NO RETORNABLE 300.0
brand16 sub_brand5 BOTELLA RETORNABLE 750.0,AGUILA LIGHT BOTELLA RETORNABLE 750.0
brand7 sub_brand4 BOTELLA NO RETORNABLE 330.0,BOGOTA BEER COMPANY CAJICA BOTELLA NO RETORNABLE 330.0
brand26 sub_brand9 BOTELLA NO RETORNABLE 355.0,CORONA EXTRA BOTELLA NO RETORNABLE 355.0
brand16 sub_brand3 BOTELLA RETORNABLE 1000.0,AGUILA CTE BOTELLA RETORNABLE 1000.0
brand3 sub_brand12 BOTELLA NO RETORNABLE 320.0,COSTENA BACANA BOTELLA NO RETORNABLE 320.0
brand38 sub_brand2 BOTELLA NO RETORNABLE 330.0,HAZY JANE T. BOTELLA NO RETORNABLE 330.0
brand6 sub_brand2 BOTELLA NO RETORNABLE 500.0,STOWFORD T. BOTELLA NO RETORNABLE 500.0
brand48 sub_brand2 BOTELLA NO RETORNABLE 330.0,CHIMAY PERES T. BOTELLA NO RETORNABLE 330.0
brand7 sub_brand31 BOTELLA NO RETORNABLE 330.0,BOGOTA BEER COMPANY SEPTIMAZO BOTELLA NO RETORNABLE 330.0
brand16 sub_brand3 LATA NO RETORNABLE 473.0,AGUILA CTE LATA NO RETORNABLE 473.0
brand20 sub_brand3 LATA NO RETORNABLE 310.0,HEINEKEN CTE LATA NO RETORNABLE 310.0
brand84 sub_brand37 BOTELLA NO RETORNABLE 355.0,MODELO ESPECIAL BOTELLA NO RETORNABLE 355.0
brand57 sub_brand24 BOTELLA NO RETORNABLE 355.0,MILLER GENUINE DRAFT BOTELLA NO RETORNABLE 355.0
brand15 sub_brand3 BOTELLA RETORNABLE 750.0,PILSEN CTE BOTELLA RETORNABLE 750.0
brand14 sub_brand5 BOTELLA RETORNABLE 250.0,ANDINA LIGHT BOTELLA RETORNABLE 250.0
brand55 sub_brand2 BOTELLA NO RETORNABLE 500.0,ASPALL T. BOTELLA NO RETORNABLE 500.0
brand16 sub_brand3 BOTELLA NO RETORNABLE 500.0,AGUILA CTE BOTELLA NO RETORNABLE 500.0
brand14 sub_brand5 BOTELLA RETORNABLE 330.0,ANDINA LIGHT BOTELLA RETORNABLE 330.0
brand19 sub_brand14 LATA NO RETORNABLE 500.0,ERDINGER DUNKEL LATA NO RETORNABLE 500.0
brand11 sub_brand2 BARRIL NO RETORNABLE 5000.0,BITBURGER T. BARRIL NO RETORNABLE 5000.0
brand63 sub_brand2 BOTELLA NO RETORNABLE 330.0,ASAHI T. BOTELLA NO RETORNABLE 330.0
brand20 sub_brand3 BOTELLA RETORNABLE 250.0,HEINEKEN CTE BOTELLA RETORNABLE 250.0
brand16 sub_brand5 BOTELLA RETORNABLE 1000.0,AGUILA LIGHT BOTELLA RETORNABLE 1000.0
brand12 sub_brand3 BOTELLA RETORNABLE 300.0,POKER CTE BOTELLA RETORNABLE 300.0
brand23 sub_brand2 BOTELLA NO RETORNABLE 330.0,MAREDSOUS T. BOTELLA NO RETORNABLE 330.0
brand1 sub_brand33 LATA NO RETORNABLE 330.0,CLUB COLOMBIA TRIGO LATA NO RETORNABLE 330.0
brand42 sub_brand5 LATA NO RETORNABLE 330.0,BUSCH LIGHT LATA NO RETORNABLE 330.0
brand26 sub_brand9 BOTELLA NO RETORNABLE 330.0,CORONA EXTRA BOTELLA NO RETORNABLE 330.0
brand12 sub_brand3 OTROS ENVASES NO RETORNABLE 330.0,POKER CTE OTROS ENVASES NO RETORNABLE 330.0
brand20 sub_brand3 BOTELLA NO RETORNABLE 250.0,HEINEKEN CTE BOTELLA NO RETORNABLE 250.0
brand45 sub_brand2 BOTELLA RETORNABLE 250.0,BUDWEISER T. BOTELLA RETORNABLE 250.0
brand1 sub_brand42 LATA NO RETORNABLE 269.0,CLUB COLOMBIA JUAN VALDEZ LATA NO RETORNABLE 269.0
brand17 sub_brand3 LATA NO RETORNABLE 269.0,SOL CTE LATA NO RETORNABLE 269.0
brand57 sub_brand25 LATA NO RETORNABLE 310.0,MILLER LITE LATA NO RETORNABLE 310.0
brand35 sub_brand2 BOTELLA RETORNABLE 330.0,CENTRAL T. BOTELLA RETORNABLE 330.0
brand22 sub_brand2 BOTELLA NO RETORNABLE 330.0,3 CORDILLERAS T. BOTELLA NO RETORNABLE 330.0
brand46 sub_brand2 LATA NO RETORNABLE null.0,OTRAS MARCAS T. LATA NO RETORNABLE null.0
brand2 sub_brand2 BOTELLA NO RETORNABLE 500.0,BALTIKA T. BOTELLA NO RETORNABLE 500.0
brand16 sub_brand3 BOTELLA NO RETORNABLE 330.0,AGUILA CTE BOTELLA NO RETORNABLE 330.0
brand1 sub_brand33 BOTELLA RETORNABLE 330.0,CLUB COLOMBIA TRIGO BOTELLA RETORNABLE 330.0
brand22 sub_brand13 BOTELLA NO RETORNABLE 330.0,3 CORDILLERAS ROSADA BOTELLA NO RETORNABLE 330.0
brand81 sub_brand3 LATA NO RETORNABLE 269.0,MICHELOB ULTRA CTE LATA NO RETORNABLE 269.0
brand1 sub_brand34 BOTELLA RETORNABLE null.0,CLUB COLOMBIA GRAN DORADA BOTELLA RETORNABLE null.0
brand19 sub_brand3 BOTELLA NO RETORNABLE 330.0,ERDINGER CTE BOTELLA NO RETORNABLE 330.0
brand16 sub_brand5 BOTELLA NO RETORNABLE 330.0,AGUILA LIGHT BOTELLA NO RETORNABLE 330.0
brand16 sub_brand3 BOTELLA RETORNABLE 750.0,AGUILA CTE BOTELLA RETORNABLE 750.0
brand61 sub_brand3 LATA NO RETORNABLE 355.0,BECK'S CTE LATA NO RETORNABLE 355.0
brand22 sub_brand7 BOTELLA NO RETORNABLE 330.0,3 CORDILLERAS NEGRA BOTELLA NO RETORNABLE 330.0
brand33 sub_brand3 LATA NO RETORNABLE 330.0,TECATE CTE LATA NO RETORNABLE 330.0
brand16 sub_brand5 LATA NO RETORNABLE 296.0,AGUILA LIGHT LATA NO RETORNABLE 296.0
brand46 sub_brand2 BOTELLA RETORNABLE 330.0,OTRAS MARCAS T. BOTELLA RETORNABLE 330.0
brand51 sub_brand40 LATA NO RETORNABLE 269.0,REDD'S ROSE LATA NO RETORNABLE 269.0
brand44 sub_brand15 LATA NO RETORNABLE 330.0,AUSTEN OTRAS LATA NO RETORNABLE 330.0
brand9 sub_brand2 BOTELLA NO RETORNABLE 330.0,HOLLANDIA T. BOTELLA NO RETORNABLE 330.0
brand66 sub_brand2 LATA NO RETORNABLE 500.0,8.6 T. LATA NO RETORNABLE 500.0
brand46 sub_brand3 LATA NO RETORNABLE 330.0,OTRAS MARCAS CTE LATA NO RETORNABLE 330.0
brand45 sub_brand2 BOTELLA RETORNABLE 330.0,BUDWEISER T. BOTELLA RETORNABLE 330.0
brand36 sub_brand3 LATA NO RETORNABLE 330.0,BAHIA CTE LATA NO RETORNABLE 330.0
brand14 sub_brand3 BOTELLA RETORNABLE 250.0,ANDINA CTE BOTELLA RETORNABLE 250.0
brand26 sub_brand9 LATA NO RETORNABLE 269.0,CORONA EXTRA LATA NO RETORNABLE 269.0
brand7 sub_brand29 BOTELLA NO RETORNABLE 330.0,BOGOTA BEER COMPANY LAGER BOTELLA NO RETORNABLE 330.0
brand67 sub_brand2 BOTELLA NO RETORNABLE 330.0,LINO BREWING T. BOTELLA NO RETORNABLE 330.0
brand59 sub_brand2 BOTELLA NO RETORNABLE 500.0,HOFBRAU T. BOTELLA NO RETORNABLE 500.0
brand62 sub_brand2 BOTELLA NO RETORNABLE 330.0,INNIS & GUNN T. BOTELLA NO RETORNABLE 330.0
brand46 sub_brand37 LATA NO RETORNABLE 500.0,OTRAS MARCAS ESPECIAL LATA NO RETORNABLE 500.0
brand14 sub_brand3 LATA NO RETORNABLE 355.0,ANDINA CTE LATA NO RETORNABLE 355.0
brand12 sub_brand26 LATA NO RETORNABLE 330.0,POKER ROJA LATA NO RETORNABLE 330.0
brand14 sub_brand3 BOTELLA NO RETORNABLE 300.0,ANDINA CTE BOTELLA NO RETORNABLE 300.0
brand29 sub_brand2 LATA NO RETORNABLE 330.0,MONARCA T. LATA NO RETORNABLE 330.0
brand47 sub_brand2 BOTELLA NO RETORNABLE 330.0,CHELARTE T. BOTELLA NO RETORNABLE 330.0
brand16 sub_brand30 BOTELLA RETORNABLE 175.0,AGUILA FUSION BOTELLA RETORNABLE 175.0
brand3 sub_brand3 BOTELLA RETORNABLE 350.0,COSTENA CTE BOTELLA RETORNABLE 350.0
brand87 sub_brand3 LATA NO RETORNABLE 269.0,HE150KEN CTE LATA NO RETORNABLE 269.0
brand1 sub_brand43 BOTELLA RETORNABLE 330.0,CLUB COLOMBIA SIEMBRA BOTELLA RETORNABLE 330.0
brand61 sub_brand3 LATA NO RETORNABLE 269.0,BECK'S CTE LATA NO RETORNABLE 269.0
brand14 sub_brand5 LATA NO RETORNABLE null.0,ANDINA LIGHT LATA NO RETORNABLE null.0
brand1 sub_brand1 BOTELLA NO RETORNABLE 900.0,CLUB COLOMBIA PREMIUM/EXTRA FINA BOTELLA NO RETORNABLE 900.0
brand16 sub_brand5 LATA NO RETORNABLE 300.0,AGUILA LIGHT LATA NO RETORNABLE 300.0
brand21 sub_brand8 BOTELLA NO RETORNABLE 330.0,GROLSCH PREMIUM BOTELLA NO RETORNABLE 330.0
brand16 sub_brand30 BOTELLA RETORNABLE 330.0,AGUILA FUSION BOTELLA RETORNABLE 330.0
brand14 sub_brand3 BOTELLA NO RETORNABLE 250.0,ANDINA CTE BOTELLA NO RETORNABLE 250.0
brand20 sub_brand3 BOTELLA RETORNABLE 330.0,HEINEKEN CTE BOTELLA RETORNABLE 330.0
brand10 sub_brand2 BOTELLA NO RETORNABLE 330.0,ELVIS JUICE T. BOTELLA NO RETORNABLE 330.0
brand12 sub_brand16 BOTELLA RETORNABLE 330.0,POKER PURA MALTA BOTELLA RETORNABLE 330.0
brand32 sub_brand2 BOTELLA RETORNABLE 250.0,NATIVA T. BOTELLA RETORNABLE 250.0
brand53 sub_brand2 BOTELLA NO RETORNABLE 330.0,LIEFMANS T. BOTELLA NO RETORNABLE 330.0
brand82 sub_brand3 LATA NO RETORNABLE 269.0,COLA & POLA CTE LATA NO RETORNABLE 269.0
brand89 sub_brand3 BOTELLA NO RETORNABLE 200.0,ANDINA COLOMBIANA CTE BOTELLA NO RETORNABLE 200.0
brand16 sub_brand6 BOTELLA NO RETORNABLE 330.0,AGUILA CERO BOTELLA NO RETORNABLE 330.0
brand1 sub_brand26 LATA NO RETORNABLE 355.0,CLUB COLOMBIA ROJA LATA NO RETORNABLE 355.0
brand7 sub_brand38 BOTELLA NO RETORNABLE 330.0,BOGOTA BEER COMPANY CANDELARIA BOTELLA NO RETORNABLE 330.0
brand7 sub_brand15 BOTELLA NO RETORNABLE 330.0,BOGOTA BEER COMPANY OTRAS BOTELLA NO RETORNABLE 330.0
brand20 sub_brand3 BARRIL NO RETORNABLE 5000.0,HEINEKEN CTE BARRIL NO RETORNABLE 5000.0
brand49 sub_brand2 BOTELLA NO RETORNABLE 330.0,TRES GUERREROS T. BOTELLA NO RETORNABLE 330.0
brand6 sub_brand2 BOTELLA NO RETORNABLE 330.0,STOWFORD T. BOTELLA NO RETORNABLE 330.0
brand20 sub_brand3 BOTELLA NO RETORNABLE 650.0,HEINEKEN CTE BOTELLA NO RETORNABLE 650.0
brand4 sub_brand2 LATA NO RETORNABLE 500.0,BENEDIKTINER T. LATA NO RETORNABLE 500.0
brand4 sub_brand2 BOTELLA NO RETORNABLE 500.0,BENEDIKTINER T. BOTELLA NO RETORNABLE 500.0
brand16 sub_brand5 BOTELLA NO RETORNABLE 200.0,AGUILA LIGHT BOTELLA NO RETORNABLE 200.0
brand20 sub_brand3 BARRIL NO RETORNABLE null.0,HEINEKEN CTE BARRIL NO RETORNABLE null.0
brand12 sub_brand3 BOTELLA NO RETORNABLE 300.0,POKER CTE BOTELLA NO RETORNABLE 300.0
brand16 sub_brand5 BOTELLA NO RETORNABLE 300.0,AGUILA LIGHT BOTELLA NO RETORNABLE 300.0
brand29 sub_brand2 BOTELLA NO RETORNABLE 330.0,MONARCA T. BOTELLA NO RETORNABLE 330.0
brand45 sub_brand2 BOTELLA NO RETORNABLE null.0,BUDWEISER T. BOTELLA NO RETORNABLE null.0
brand2 sub_brand2 BOTELLA NO RETORNABLE null.0,BALTIKA T. BOTELLA NO RETORNABLE null.0
brand12 sub_brand26 LATA NO RETORNABLE 355.0,POKER ROJA LATA NO RETORNABLE 355.0
brand46 sub_brand2 BOTELLA NO RETORNABLE 750.0,OTRAS MARCAS T. BOTELLA NO RETORNABLE 750.0
brand21 sub_brand8 BOTELLA NO RETORNABLE 450.0,GROLSCH PREMIUM BOTELLA NO RETORNABLE 450.0
brand96 sub_brand2 BOTELLA NO RETORNABLE 330.0,WARSTEINER T. BOTELLA NO RETORNABLE 330.0
brand61 sub_brand3 BOTELLA RETORNABLE 275.0,BECK'S CTE BOTELLA RETORNABLE 275.0
brand1 sub_brand10 BOTELLA NO RETORNABLE 330.0,CLUB COLOMBIA DOBLE MALTA BOTELLA NO RETORNABLE 330.0
brand3 sub_brand3 LATA NO RETORNABLE 296.0,COSTENA CTE LATA NO RETORNABLE 296.0
brand33 sub_brand3 LATA NO RETORNABLE 473.0,TECATE CTE LATA NO RETORNABLE 473.0
