year_month,sku,price_per_unit
2024-09,AGUILA 0 BOTELLA RETORNABLE 330.0,1578
2024-10,AGUILA 0 BOTELLA RETORNABLE 330.0,2197
2024-11,AGUILA 0 BOTELLA RETORNABLE 330.0,1824
2024-12,AGUILA 0 BOTELLA RETORNABLE 330.0,1875
2025-02,AGUILA 0 BOTELLA RETORNABLE 330.0,1655
2025-04,AGUILA 0 BOTELLA RETORNABLE 330.0,1782
2025-05,AGUILA 0 BOTELLA RETORNABLE 330.0,1694
2025-06,AGUILA 0 BOTELLA RETORNABLE 330.0,1875
2025-07,AGUILA 0 BOTELLA RETORNABLE 330.0,1803
2025-08,AGUILA 0 BOTELLA RETORNABLE 330.0,2162
2024-09,AGUILA 0 LATA NO RETORNABLE 330.0,2267
2024-10,AGUILA 0 LATA NO RETORNABLE 330.0,2275
2024-11,AGUILA 0 LATA NO RETORNABLE 330.0,1929
2024-12,AGUILA 0 LATA NO RETORNABLE 330.0,2216
2025-01,AGUILA 0 LATA NO RETORNABLE 330.0,1890
2025-02,AGUILA 0 LATA NO RETORNABLE 330.0,1591
2025-03,AGUILA 0 LATA NO RETORNABLE 330.0,1301
2025-04,AGUILA 0 LATA NO RETORNABLE 330.0,2068
2025-05,AGUILA 0 LATA NO RETORNABLE 330.0,1868
2025-06,AGUILA 0 LATA NO RETORNABLE 330.0,1879
2025-07,AGUILA 0 LATA NO RETORNABLE 330.0,1290
2025-08,AGUILA 0 LATA NO RETORNABLE 330.0,1635
2024-09,AGUILA CERO BOTELLA RETORNABLE 330.0,2365
2024-10,AGUILA CERO BOTELLA RETORNABLE 330.0,2577
2024-12,AGUILA CERO BOTELLA RETORNABLE 330.0,2760
2025-01,AGUILA CERO BOTELLA RETORNABLE 330.0,2959
2025-06,AGUILA CERO BOTELLA RETORNABLE 330.0,2263
2025-07,AGUILA CERO BOTELLA RETORNABLE 330.0,2575
2025-07,AGUILA CERO LATA NO RETORNABLE 330.0,3648.333333
2024-09,AGUILA CTE BOTELLA NO RETORNABLE 330.0,2801
2024-10,AGUILA CTE BOTELLA NO RETORNABLE 330.0,2281
2024-11,AGUILA CTE BOTELLA NO RETORNABLE 330.0,2611
2024-12,AGUILA CTE BOTELLA NO RETORNABLE 330.0,2421
2025-01,AGUILA CTE BOTELLA NO RETORNABLE 330.0,2720
2025-02,AGUILA CTE BOTELLA NO RETORNABLE 330.0,2773
2025-03,AGUILA CTE BOTELLA NO RETORNABLE 330.0,2789
2025-04,AGUILA CTE BOTELLA NO RETORNABLE 330.0,2141
2025-05,AGUILA CTE BOTELLA NO RETORNABLE 330.0,2156
2025-06,AGUILA CTE BOTELLA NO RETORNABLE 330.0,2376
2025-07,AGUILA CTE BOTELLA NO RETORNABLE 330.0,2810
2025-08,AGUILA CTE BOTELLA NO RETORNABLE 330.0,2407
2024-09,AGUILA CTE BOTELLA RETORNABLE 1000.0,5230
2024-10,AGUILA CTE BOTELLA RETORNABLE 1000.0,5887
2024-11,AGUILA CTE BOTELLA RETORNABLE 1000.0,5855
2024-12,AGUILA CTE BOTELLA RETORNABLE 1000.0,5596
2025-01,AGUILA CTE BOTELLA RETORNABLE 1000.0,5868
2025-02,AGUILA CTE BOTELLA RETORNABLE 1000.0,5286
2025-03,AGUILA CTE BOTELLA RETORNABLE 1000.0,5440
2025-04,AGUILA CTE BOTELLA RETORNABLE 1000.0,5247
2025-05,AGUILA CTE BOTELLA RETORNABLE 1000.0,5701
2025-06,AGUILA CTE BOTELLA RETORNABLE 1000.0,5337
2025-07,AGUILA CTE BOTELLA RETORNABLE 1000.0,5488
2025-08,AGUILA CTE BOTELLA RETORNABLE 1000.0,5792
2024-09,AGUILA CTE BOTELLA RETORNABLE 250.0,2457
2024-10,AGUILA CTE BOTELLA RETORNABLE 250.0,1715
2024-11,AGUILA CTE BOTELLA RETORNABLE 250.0,2270
2024-12,AGUILA CTE BOTELLA RETORNABLE 250.0,1706
2025-01,AGUILA CTE BOTELLA RETORNABLE 250.0,2313
2025-02,AGUILA CTE BOTELLA RETORNABLE 250.0,2249
2025-03,AGUILA CTE BOTELLA RETORNABLE 250.0,2176
2025-04,AGUILA CTE BOTELLA RETORNABLE 250.0,2222
2025-05,AGUILA CTE BOTELLA RETORNABLE 250.0,2041
2025-06,AGUILA CTE BOTELLA RETORNABLE 250.0,1737
2025-07,AGUILA CTE BOTELLA RETORNABLE 250.0,2455
2025-08,AGUILA CTE BOTELLA RETORNABLE 250.0,2151
2024-09,AGUILA CTE BOTELLA RETORNABLE 330.0,2749
2024-10,AGUILA CTE BOTELLA RETORNABLE 330.0,2221
2024-11,AGUILA CTE BOTELLA RETORNABLE 330.0,2835
2024-12,AGUILA CTE BOTELLA RETORNABLE 330.0,2227
2025-01,AGUILA CTE BOTELLA RETORNABLE 330.0,2889
2025-02,AGUILA CTE BOTELLA RETORNABLE 330.0,2311
2025-03,AGUILA CTE BOTELLA RETORNABLE 330.0,2948
2025-04,AGUILA CTE BOTELLA RETORNABLE 330.0,2319
2025-05,AGUILA CTE BOTELLA RETORNABLE 330.0,2360
2025-06,AGUILA CTE BOTELLA RETORNABLE 330.0,2475
2025-07,AGUILA CTE BOTELLA RETORNABLE 330.0,2289
2025-08,AGUILA CTE BOTELLA RETORNABLE 330.0,2261
2024-09,AGUILA CTE BOTELLA RETORNABLE 750.0,5134
2024-10,AGUILA CTE BOTELLA RETORNABLE 750.0,4973
2024-11,AGUILA CTE BOTELLA RETORNABLE 750.0,5185
2024-12,AGUILA CTE BOTELLA RETORNABLE 750.0,4870
2025-01,AGUILA CTE BOTELLA RETORNABLE 750.0,4493
2025-02,AGUILA CTE BOTELLA RETORNABLE 750.0,4827
2025-03,AGUILA CTE BOTELLA RETORNABLE 750.0,4922
2025-04,AGUILA CTE BOTELLA RETORNABLE 750.0,5028
2025-05,AGUILA CTE BOTELLA RETORNABLE 750.0,4741
2025-06,AGUILA CTE BOTELLA RETORNABLE 750.0,4762
2025-07,AGUILA CTE BOTELLA RETORNABLE 750.0,4884
2025-08,AGUILA CTE BOTELLA RETORNABLE 750.0,4670
2024-09,AGUILA CTE LATA NO RETORNABLE 269.0,2236.333333
2024-10,AGUILA CTE LATA NO RETORNABLE 269.0,2643
2024-11,AGUILA CTE LATA NO RETORNABLE 269.0,2418
2024-12,AGUILA CTE LATA NO RETORNABLE 269.0,1946
2025-01,AGUILA CTE LATA NO RETORNABLE 269.0,2364
2025-02,AGUILA CTE LATA NO RETORNABLE 269.0,2440
2025-03,AGUILA CTE LATA NO RETORNABLE 269.0,2474
2025-04,AGUILA CTE LATA NO RETORNABLE 269.0,2116
2025-05,AGUILA CTE LATA NO RETORNABLE 269.0,2670
2025-06,AGUILA CTE LATA NO RETORNABLE 269.0,2629
2025-07,AGUILA CTE LATA NO RETORNABLE 269.0,2589
2025-08,AGUILA CTE LATA NO RETORNABLE 269.0,2475
2024-09,AGUILA CTE LATA NO RETORNABLE 330.0,2818
2024-10,AGUILA CTE LATA NO RETORNABLE 330.0,2734
2024-11,AGUILA CTE LATA NO RETORNABLE 330.0,3103
2024-12,AGUILA CTE LATA NO RETORNABLE 330.0,3154
2025-01,AGUILA CTE LATA NO RETORNABLE 330.0,3546
2025-02,AGUILA CTE LATA NO RETORNABLE 330.0,3474
2025-03,AGUILA CTE LATA NO RETORNABLE 330.0,3387
2025-04,AGUILA CTE LATA NO RETORNABLE 330.0,3504
2025-05,AGUILA CTE LATA NO RETORNABLE 330.0,3397
2025-06,AGUILA CTE LATA NO RETORNABLE 330.0,3761
2025-07,AGUILA CTE LATA NO RETORNABLE 330.0,3723.333333
2025-08,AGUILA CTE LATA NO RETORNABLE 330.0,3511
2024-09,AGUILA CTE LATA NO RETORNABLE 473.0,3582
2024-10,AGUILA CTE LATA NO RETORNABLE 473.0,3833
2024-11,AGUILA CTE LATA NO RETORNABLE 473.0,3664
2024-12,AGUILA CTE LATA NO RETORNABLE 473.0,3875
2025-01,AGUILA CTE LATA NO RETORNABLE 473.0,3296
2025-02,AGUILA CTE LATA NO RETORNABLE 473.0,3703
2025-03,AGUILA CTE LATA NO RETORNABLE 473.0,3584
2025-04,AGUILA CTE LATA NO RETORNABLE 473.0,3806
2025-05,AGUILA CTE LATA NO RETORNABLE 473.0,3714
2025-06,AGUILA CTE LATA NO RETORNABLE 473.0,3689
2025-07,AGUILA CTE LATA NO RETORNABLE 473.0,3891
2025-08,AGUILA CTE LATA NO RETORNABLE 473.0,4075
2025-04,AGUILA IMPERIAL BOTELLA NO RETORNABLE 330.0,4129
2025-05,AGUILA IMPERIAL BOTELLA NO RETORNABLE 330.0,3935
2025-06,AGUILA IMPERIAL BOTELLA NO RETORNABLE 330.0,4352
2025-07,AGUILA IMPERIAL BOTELLA NO RETORNABLE 330.0,4128
2025-08,AGUILA IMPERIAL BOTELLA NO RETORNABLE 330.0,4177
2025-04,AGUILA IMPERIAL BOTELLA RETORNABLE 330.0,3268
2025-05,AGUILA IMPERIAL BOTELLA RETORNABLE 330.0,3291
2025-06,AGUILA IMPERIAL BOTELLA RETORNABLE 330.0,3125
2025-07,AGUILA IMPERIAL BOTELLA RETORNABLE 330.0,3210
2025-08,AGUILA IMPERIAL BOTELLA RETORNABLE 330.0,3499
2024-09,AGUILA LIGHT BOTELLA NO RETORNABLE 330.0,2546
2024-10,AGUILA LIGHT BOTELLA NO RETORNABLE 330.0,2717
2024-11,AGUILA LIGHT BOTELLA NO RETORNABLE 330.0,2639
2024-12,AGUILA LIGHT BOTELLA NO RETORNABLE 330.0,2372
2025-01,AGUILA LIGHT BOTELLA NO RETORNABLE 330.0,2213
2025-02,AGUILA LIGHT BOTELLA NO RETORNABLE 330.0,2673
2025-03,AGUILA LIGHT BOTELLA NO RETORNABLE 330.0,2342
2025-04,AGUILA LIGHT BOTELLA NO RETORNABLE 330.0,2288
2025-05,AGUILA LIGHT BOTELLA NO RETORNABLE 330.0,2415
2025-06,AGUILA LIGHT BOTELLA NO RETORNABLE 330.0,2444
2025-07,AGUILA LIGHT BOTELLA NO RETORNABLE 330.0,2466
2025-08,AGUILA LIGHT BOTELLA NO RETORNABLE 330.0,2105
2024-09,AGUILA LIGHT BOTELLA RETORNABLE 1000.0,4967
2024-10,AGUILA LIGHT BOTELLA RETORNABLE 1000.0,4818
2024-11,AGUILA LIGHT BOTELLA RETORNABLE 1000.0,5469
2024-12,AGUILA LIGHT BOTELLA RETORNABLE 1000.0,5386
2025-01,AGUILA LIGHT BOTELLA RETORNABLE 1000.0,5301
2025-02,AGUILA LIGHT BOTELLA RETORNABLE 1000.0,5289
2025-03,AGUILA LIGHT BOTELLA RETORNABLE 1000.0,5515
2025-04,AGUILA LIGHT BOTELLA RETORNABLE 1000.0,5342
2025-05,AGUILA LIGHT BOTELLA RETORNABLE 1000.0,5827
2025-06,AGUILA LIGHT BOTELLA RETORNABLE 1000.0,5870
2025-07,AGUILA LIGHT BOTELLA RETORNABLE 1000.0,5947
2025-08,AGUILA LIGHT BOTELLA RETORNABLE 1000.0,5658
2024-09,AGUILA LIGHT BOTELLA RETORNABLE 250.0,2059
2024-10,AGUILA LIGHT BOTELLA RETORNABLE 250.0,1553
2024-11,AGUILA LIGHT BOTELLA RETORNABLE 250.0,1751
2024-12,AGUILA LIGHT BOTELLA RETORNABLE 250.0,2039
2025-01,AGUILA LIGHT BOTELLA RETORNABLE 250.0,1918
2025-02,AGUILA LIGHT BOTELLA RETORNABLE 250.0,2459
2025-03,AGUILA LIGHT BOTELLA RETORNABLE 250.0,2412
2025-04,AGUILA LIGHT BOTELLA RETORNABLE 250.0,2011
2025-05,AGUILA LIGHT BOTELLA RETORNABLE 250.0,2140
2025-06,AGUILA LIGHT BOTELLA RETORNABLE 250.0,2412
2025-07,AGUILA LIGHT BOTELLA RETORNABLE 250.0,2130
2025-08,AGUILA LIGHT BOTELLA RETORNABLE 250.0,1931
2024-09,AGUILA LIGHT BOTELLA RETORNABLE 330.0,2214
2024-10,AGUILA LIGHT BOTELLA RETORNABLE 330.0,2388
2024-11,AGUILA LIGHT BOTELLA RETORNABLE 330.0,2398
2024-12,AGUILA LIGHT BOTELLA RETORNABLE 330.0,2477
2025-01,AGUILA LIGHT BOTELLA RETORNABLE 330.0,2507
2025-02,AGUILA LIGHT BOTELLA RETORNABLE 330.0,2420
2025-03,AGUILA LIGHT BOTELLA RETORNABLE 330.0,2953
2025-04,AGUILA LIGHT BOTELLA RETORNABLE 330.0,2529
2025-05,AGUILA LIGHT BOTELLA RETORNABLE 330.0,2644
2025-06,AGUILA LIGHT BOTELLA RETORNABLE 330.0,2415
2025-07,AGUILA LIGHT BOTELLA RETORNABLE 330.0,2491.666667
2025-08,AGUILA LIGHT BOTELLA RETORNABLE 330.0,2412
2024-09,AGUILA LIGHT BOTELLA RETORNABLE 750.0,4506
2024-10,AGUILA LIGHT BOTELLA RETORNABLE 750.0,4243
2024-11,AGUILA LIGHT BOTELLA RETORNABLE 750.0,4587
2024-12,AGUILA LIGHT BOTELLA RETORNABLE 750.0,4304
2025-01,AGUILA LIGHT BOTELLA RETORNABLE 750.0,4333
2025-02,AGUILA LIGHT BOTELLA RETORNABLE 750.0,4710
2025-03,AGUILA LIGHT BOTELLA RETORNABLE 750.0,4880
2025-04,AGUILA LIGHT BOTELLA RETORNABLE 750.0,4870
2025-05,AGUILA LIGHT BOTELLA RETORNABLE 750.0,4343
2025-06,AGUILA LIGHT BOTELLA RETORNABLE 750.0,4629
2025-07,AGUILA LIGHT BOTELLA RETORNABLE 750.0,4991
2025-08,AGUILA LIGHT BOTELLA RETORNABLE 750.0,4275
2024-09,AGUILA LIGHT LATA NO RETORNABLE 269.0,2060
2024-10,AGUILA LIGHT LATA NO RETORNABLE 269.0,2198
2024-11,AGUILA LIGHT LATA NO RETORNABLE 269.0,1737
2024-12,AGUILA LIGHT LATA NO RETORNABLE 269.0,2223
2025-01,AGUILA LIGHT LATA NO RETORNABLE 269.0,1893
2025-02,AGUILA LIGHT LATA NO RETORNABLE 269.0,1548
2025-03,AGUILA LIGHT LATA NO RETORNABLE 269.0,1895
2025-04,AGUILA LIGHT LATA NO RETORNABLE 269.0,2274
2025-05,AGUILA LIGHT LATA NO RETORNABLE 269.0,1794
2025-06,AGUILA LIGHT LATA NO RETORNABLE 269.0,1794
2025-07,AGUILA LIGHT LATA NO RETORNABLE 269.0,2464
2025-08,AGUILA LIGHT LATA NO RETORNABLE 269.0,2416
2024-09,AGUILA LIGHT LATA NO RETORNABLE 330.0,3397
2024-10,AGUILA LIGHT LATA NO RETORNABLE 330.0,3426
2024-11,AGUILA LIGHT LATA NO RETORNABLE 330.0,3570
2024-12,AGUILA LIGHT LATA NO RETORNABLE 330.0,3414
2025-01,AGUILA LIGHT LATA NO RETORNABLE 330.0,3611
2025-02,AGUILA LIGHT LATA NO RETORNABLE 330.0,3747
2025-03,AGUILA LIGHT LATA NO RETORNABLE 330.0,3468
2025-04,AGUILA LIGHT LATA NO RETORNABLE 330.0,3645
2025-05,AGUILA LIGHT LATA NO RETORNABLE 330.0,3196
2025-06,AGUILA LIGHT LATA NO RETORNABLE 330.0,3052
2025-07,AGUILA LIGHT LATA NO RETORNABLE 330.0,3723.333333
2025-08,AGUILA LIGHT LATA NO RETORNABLE 330.0,3376
2024-09,AGUILA LIGHT LATA NO RETORNABLE 473.0,3559
2024-10,AGUILA LIGHT LATA NO RETORNABLE 473.0,3835
2024-11,AGUILA LIGHT LATA NO RETORNABLE 473.0,3556
2024-12,AGUILA LIGHT LATA NO RETORNABLE 473.0,3810
2025-01,AGUILA LIGHT LATA NO RETORNABLE 473.0,3641
2025-02,AGUILA LIGHT LATA NO RETORNABLE 473.0,3404
2025-03,AGUILA LIGHT LATA NO RETORNABLE 473.0,3374
2025-04,AGUILA LIGHT LATA NO RETORNABLE 473.0,3989
2025-05,AGUILA LIGHT LATA NO RETORNABLE 473.0,3895
2025-06,AGUILA LIGHT LATA NO RETORNABLE 473.0,3482
2025-07,AGUILA LIGHT LATA NO RETORNABLE 473.0,3693
2025-08,AGUILA LIGHT LATA NO RETORNABLE 473.0,3852
2024-09,AUSTEN OTRAS LATA NO RETORNABLE 330.0,2278
2024-10,AUSTEN OTRAS LATA NO RETORNABLE 330.0,1585
2024-11,AUSTEN OTRAS LATA NO RETORNABLE 330.0,1628
2024-12,AUSTEN OTRAS LATA NO RETORNABLE 330.0,1875
2025-01,AUSTEN OTRAS LATA NO RETORNABLE 330.0,2124
2025-02,AUSTEN OTRAS LATA NO RETORNABLE 330.0,1650
2025-03,AUSTEN OTRAS LATA NO RETORNABLE 330.0,1798
2025-04,AUSTEN OTRAS LATA NO RETORNABLE 330.0,1942
2025-05,AUSTEN OTRAS LATA NO RETORNABLE 330.0,1824
2025-06,AUSTEN OTRAS LATA NO RETORNABLE 330.0,2009
2025-07,AUSTEN OTRAS LATA NO RETORNABLE 330.0,2229
2025-08,AUSTEN OTRAS LATA NO RETORNABLE 330.0,2118
2024-09,AZTECA CTE LATA NO RETORNABLE 330.0,2114
2024-10,AZTECA CTE LATA NO RETORNABLE 330.0,1753
2024-11,AZTECA CTE LATA NO RETORNABLE 330.0,1987
2024-12,AZTECA CTE LATA NO RETORNABLE 330.0,1862
2025-01,AZTECA CTE LATA NO RETORNABLE 330.0,1990
2025-02,AZTECA CTE LATA NO RETORNABLE 330.0,1894
2025-03,AZTECA CTE LATA NO RETORNABLE 330.0,1855
2025-04,AZTECA CTE LATA NO RETORNABLE 330.0,1801
2025-05,AZTECA CTE LATA NO RETORNABLE 330.0,2297
2025-06,AZTECA CTE LATA NO RETORNABLE 330.0,1727
2025-07,AZTECA CTE LATA NO RETORNABLE 330.0,1762
2025-08,AZTECA CTE LATA NO RETORNABLE 330.0,1705
2024-09,BAHIA CTE LATA NO RETORNABLE 330.0,1792
2024-10,BAHIA CTE LATA NO RETORNABLE 330.0,2201
2024-11,BAHIA CTE LATA NO RETORNABLE 330.0,1935
2024-12,BAHIA CTE LATA NO RETORNABLE 330.0,2220
2025-01,BAHIA CTE LATA NO RETORNABLE 330.0,2164
2025-02,BAHIA CTE LATA NO RETORNABLE 330.0,1915
2025-03,BAHIA CTE LATA NO RETORNABLE 330.0,1529
2025-04,BAHIA CTE LATA NO RETORNABLE 330.0,1690
2025-05,BAHIA CTE LATA NO RETORNABLE 330.0,2073
2025-06,BAHIA CTE LATA NO RETORNABLE 330.0,1976
2025-07,BAHIA CTE LATA NO RETORNABLE 330.0,2202
2025-08,BAHIA CTE LATA NO RETORNABLE 330.0,2051
2024-09,BECK'S CTE BOTELLA NO RETORNABLE 275.0,2267
2024-10,BECK'S CTE BOTELLA NO RETORNABLE 275.0,2624
2024-12,BECK'S CTE BOTELLA NO RETORNABLE 275.0,2715
2024-09,BECK'S CTE LATA NO RETORNABLE 330.0,2663
2024-10,BECK'S CTE LATA NO RETORNABLE 330.0,2870
2024-12,BECK'S CTE LATA NO RETORNABLE 330.0,2996
2025-03,BECK'S CTE LATA NO RETORNABLE 330.0,2852
2024-09,BOGOTA BEER COMPANY ROSE BOTELLA NO RETORNABLE 330.0,5482
2024-10,BOGOTA BEER COMPANY ROSE BOTELLA NO RETORNABLE 330.0,4784
2024-11,BOGOTA BEER COMPANY ROSE BOTELLA NO RETORNABLE 330.0,4840
2024-12,BOGOTA BEER COMPANY ROSE BOTELLA NO RETORNABLE 330.0,5459
2025-01,BOGOTA BEER COMPANY ROSE BOTELLA NO RETORNABLE 330.0,5201
2025-02,BOGOTA BEER COMPANY ROSE BOTELLA NO RETORNABLE 330.0,5192
2025-03,BOGOTA BEER COMPANY ROSE BOTELLA NO RETORNABLE 330.0,5290
2025-04,BOGOTA BEER COMPANY ROSE BOTELLA NO RETORNABLE 330.0,4792
2025-05,BOGOTA BEER COMPANY ROSE BOTELLA NO RETORNABLE 330.0,5391
2025-06,BOGOTA BEER COMPANY ROSE BOTELLA NO RETORNABLE 330.0,4762
2025-07,BOGOTA BEER COMPANY ROSE BOTELLA NO RETORNABLE 330.0,4751
2025-08,BOGOTA BEER COMPANY ROSE BOTELLA NO RETORNABLE 330.0,5247
2024-09,BOGOTA BEER COMPANY ROSE LATA NO RETORNABLE 269.0,3720
2024-10,BOGOTA BEER COMPANY ROSE LATA NO RETORNABLE 269.0,3878
2024-11,BOGOTA BEER COMPANY ROSE LATA NO RETORNABLE 269.0,4135
2024-12,BOGOTA BEER COMPANY ROSE LATA NO RETORNABLE 269.0,3961
2025-01,BOGOTA BEER COMPANY ROSE LATA NO RETORNABLE 269.0,4062
2025-02,BOGOTA BEER COMPANY ROSE LATA NO RETORNABLE 269.0,3884
2025-03,BOGOTA BEER COMPANY ROSE LATA NO RETORNABLE 269.0,4077
2025-04,BOGOTA BEER COMPANY ROSE LATA NO RETORNABLE 269.0,3875
2025-05,BOGOTA BEER COMPANY ROSE LATA NO RETORNABLE 269.0,4307
2025-06,BOGOTA BEER COMPANY ROSE LATA NO RETORNABLE 269.0,3796
2025-07,BOGOTA BEER COMPANY ROSE LATA NO RETORNABLE 269.0,4372
2025-08,BOGOTA BEER COMPANY ROSE LATA NO RETORNABLE 269.0,3783
2024-09,BUDWEISER T. BOTELLA NO RETORNABLE 250.0,2260
2024-10,BUDWEISER T. BOTELLA NO RETORNABLE 250.0,2612
2024-11,BUDWEISER T. BOTELLA NO RETORNABLE 250.0,2675
2024-12,BUDWEISER T. BOTELLA NO RETORNABLE 250.0,2600
2025-01,BUDWEISER T. BOTELLA NO RETORNABLE 250.0,2606
2025-02,BUDWEISER T. BOTELLA NO RETORNABLE 250.0,2788
2025-03,BUDWEISER T. BOTELLA NO RETORNABLE 250.0,2407
2025-04,BUDWEISER T. BOTELLA NO RETORNABLE 250.0,2543
2025-05,BUDWEISER T. BOTELLA NO RETORNABLE 250.0,2558
2025-06,BUDWEISER T. BOTELLA NO RETORNABLE 250.0,3030
2025-07,BUDWEISER T. BOTELLA NO RETORNABLE 250.0,2822
2025-08,BUDWEISER T. BOTELLA NO RETORNABLE 250.0,2867
2025-05,BUDWEISER T. BOTELLA RETORNABLE 330.0,2816
2025-06,BUDWEISER T. BOTELLA RETORNABLE 330.0,2806
2025-07,BUDWEISER T. BOTELLA RETORNABLE 330.0,3416
2025-08,BUDWEISER T. BOTELLA RETORNABLE 330.0,3203
2024-09,BUDWEISER T. LATA NO RETORNABLE 269.0,2703
2024-10,BUDWEISER T. LATA NO RETORNABLE 269.0,2844
2024-11,BUDWEISER T. LATA NO RETORNABLE 269.0,2263
2024-12,BUDWEISER T. LATA NO RETORNABLE 269.0,2376
2025-01,BUDWEISER T. LATA NO RETORNABLE 269.0,2719
2025-02,BUDWEISER T. LATA NO RETORNABLE 269.0,2792
2025-03,BUDWEISER T. LATA NO RETORNABLE 269.0,2414
2025-04,BUDWEISER T. LATA NO RETORNABLE 269.0,2629
2025-05,BUDWEISER T. LATA NO RETORNABLE 269.0,3171
2025-06,BUDWEISER T. LATA NO RETORNABLE 269.0,2974
2025-07,BUDWEISER T. LATA NO RETORNABLE 269.0,3060
2025-08,BUDWEISER T. LATA NO RETORNABLE 269.0,2701
2024-09,BUDWEISER T. LATA NO RETORNABLE 355.0,3452
2024-09,CLUB COLOMBIA NEGRA BOTELLA NO RETORNABLE 330.0,2979.666667
2024-10,CLUB COLOMBIA NEGRA BOTELLA NO RETORNABLE 330.0,4110
2024-11,CLUB COLOMBIA NEGRA BOTELLA NO RETORNABLE 330.0,4026
2024-09,CLUB COLOMBIA NEGRA BOTELLA RETORNABLE 330.0,2991.333333
2024-10,CLUB COLOMBIA NEGRA BOTELLA RETORNABLE 330.0,3530
2024-11,CLUB COLOMBIA NEGRA BOTELLA RETORNABLE 330.0,3035
2024-12,CLUB COLOMBIA NEGRA BOTELLA RETORNABLE 330.0,3674
2025-01,CLUB COLOMBIA NEGRA BOTELLA RETORNABLE 330.0,2921
2025-02,CLUB COLOMBIA NEGRA BOTELLA RETORNABLE 330.0,3418
2025-03,CLUB COLOMBIA NEGRA BOTELLA RETORNABLE 330.0,3233
2025-04,CLUB COLOMBIA NEGRA BOTELLA RETORNABLE 330.0,3654
2025-05,CLUB COLOMBIA NEGRA BOTELLA RETORNABLE 330.0,3416
2025-06,CLUB COLOMBIA NEGRA BOTELLA RETORNABLE 330.0,3969
2025-07,CLUB COLOMBIA NEGRA BOTELLA RETORNABLE 330.0,3242
2025-08,CLUB COLOMBIA NEGRA BOTELLA RETORNABLE 330.0,3289
2024-09,CLUB COLOMBIA NEGRA LATA NO RETORNABLE 330.0,3440
2024-10,CLUB COLOMBIA NEGRA LATA NO RETORNABLE 330.0,3582
2024-11,CLUB COLOMBIA NEGRA LATA NO RETORNABLE 330.0,3905
2024-12,CLUB COLOMBIA NEGRA LATA NO RETORNABLE 330.0,3264
2025-01,CLUB COLOMBIA NEGRA LATA NO RETORNABLE 330.0,3959
2025-02,CLUB COLOMBIA NEGRA LATA NO RETORNABLE 330.0,3586
2025-03,CLUB COLOMBIA NEGRA LATA NO RETORNABLE 330.0,4146
2025-04,CLUB COLOMBIA NEGRA LATA NO RETORNABLE 330.0,3801
2025-05,CLUB COLOMBIA NEGRA LATA NO RETORNABLE 330.0,3992
2025-06,CLUB COLOMBIA NEGRA LATA NO RETORNABLE 330.0,3661
2025-07,CLUB COLOMBIA NEGRA LATA NO RETORNABLE 330.0,3788
2025-08,CLUB COLOMBIA NEGRA LATA NO RETORNABLE 330.0,3860
2024-10,CLUB COLOMBIA OKTOBERFEST LATA NO RETORNABLE 330.0,3245
2024-11,CLUB COLOMBIA OKTOBERFEST LATA NO RETORNABLE 330.0,3763
2024-09,CLUB COLOMBIA PREMIUM/EXTRA FINA BOTELLA NO RETORNABLE 330.0,3427.333333
2024-10,CLUB COLOMBIA PREMIUM/EXTRA FINA BOTELLA NO RETORNABLE 330.0,3287
2024-11,CLUB COLOMBIA PREMIUM/EXTRA FINA BOTELLA NO RETORNABLE 330.0,3577
2024-12,CLUB COLOMBIA PREMIUM/EXTRA FINA BOTELLA NO RETORNABLE 330.0,3292
2025-01,CLUB COLOMBIA PREMIUM/EXTRA FINA BOTELLA NO RETORNABLE 330.0,3348
2025-02,CLUB COLOMBIA PREMIUM/EXTRA FINA BOTELLA NO RETORNABLE 330.0,3833
2025-03,CLUB COLOMBIA PREMIUM/EXTRA FINA BOTELLA NO RETORNABLE 330.0,3905
2025-04,CLUB COLOMBIA PREMIUM/EXTRA FINA BOTELLA NO RETORNABLE 330.0,3560
2025-05,CLUB COLOMBIA PREMIUM/EXTRA FINA BOTELLA NO RETORNABLE 330.0,3977
2025-06,CLUB COLOMBIA PREMIUM/EXTRA FINA BOTELLA NO RETORNABLE 330.0,3266
2025-07,CLUB COLOMBIA PREMIUM/EXTRA FINA BOTELLA NO RETORNABLE 330.0,4014
2025-08,CLUB COLOMBIA PREMIUM/EXTRA FINA BOTELLA NO RETORNABLE 330.0,3972
2024-09,CLUB COLOMBIA PREMIUM/EXTRA FINA BOTELLA RETORNABLE 330.0,3287.333333
2024-10,CLUB COLOMBIA PREMIUM/EXTRA FINA BOTELLA RETORNABLE 330.0,3496
2024-11,CLUB COLOMBIA PREMIUM/EXTRA FINA BOTELLA RETORNABLE 330.0,3350
2024-12,CLUB COLOMBIA PREMIUM/EXTRA FINA BOTELLA RETORNABLE 330.0,3699
2025-01,CLUB COLOMBIA PREMIUM/EXTRA FINA BOTELLA RETORNABLE 330.0,3185
2025-02,CLUB COLOMBIA PREMIUM/EXTRA FINA BOTELLA RETORNABLE 330.0,3699
2025-03,CLUB COLOMBIA PREMIUM/EXTRA FINA BOTELLA RETORNABLE 330.0,3437
2025-04,CLUB COLOMBIA PREMIUM/EXTRA FINA BOTELLA RETORNABLE 330.0,3364
2025-05,CLUB COLOMBIA PREMIUM/EXTRA FINA BOTELLA RETORNABLE 330.0,3420
2025-06,CLUB COLOMBIA PREMIUM/EXTRA FINA BOTELLA RETORNABLE 330.0,3574
2025-07,CLUB COLOMBIA PREMIUM/EXTRA FINA BOTELLA RETORNABLE 330.0,3432
2025-08,CLUB COLOMBIA PREMIUM/EXTRA FINA BOTELLA RETORNABLE 330.0,3779
2024-09,CLUB COLOMBIA PREMIUM/EXTRA FINA LATA NO RETORNABLE 269.0,2046
2024-10,CLUB COLOMBIA PREMIUM/EXTRA FINA LATA NO RETORNABLE 269.0,2466
2024-11,CLUB COLOMBIA PREMIUM/EXTRA FINA LATA NO RETORNABLE 269.0,1994
2024-12,CLUB COLOMBIA PREMIUM/EXTRA FINA LATA NO RETORNABLE 269.0,2028
2025-01,CLUB COLOMBIA PREMIUM/EXTRA FINA LATA NO RETORNABLE 269.0,2241
2025-02,CLUB COLOMBIA PREMIUM/EXTRA FINA LATA NO RETORNABLE 269.0,2339
2025-03,CLUB COLOMBIA PREMIUM/EXTRA FINA LATA NO RETORNABLE 269.0,2013
2025-04,CLUB COLOMBIA PREMIUM/EXTRA FINA LATA NO RETORNABLE 269.0,2065
2025-05,CLUB COLOMBIA PREMIUM/EXTRA FINA LATA NO RETORNABLE 269.0,2636
2025-06,CLUB COLOMBIA PREMIUM/EXTRA FINA LATA NO RETORNABLE 269.0,2769
2025-07,CLUB COLOMBIA PREMIUM/EXTRA FINA LATA NO RETORNABLE 269.0,2531
2025-08,CLUB COLOMBIA PREMIUM/EXTRA FINA LATA NO RETORNABLE 269.0,2444
2024-09,CLUB COLOMBIA PREMIUM/EXTRA FINA LATA NO RETORNABLE 330.0,3335
2024-10,CLUB COLOMBIA PREMIUM/EXTRA FINA LATA NO RETORNABLE 330.0,3557
2024-11,CLUB COLOMBIA PREMIUM/EXTRA FINA LATA NO RETORNABLE 330.0,3977
2024-12,CLUB COLOMBIA PREMIUM/EXTRA FINA LATA NO RETORNABLE 330.0,3908
2025-01,CLUB COLOMBIA PREMIUM/EXTRA FINA LATA NO RETORNABLE 330.0,3791
2025-02,CLUB COLOMBIA PREMIUM/EXTRA FINA LATA NO RETORNABLE 330.0,3631
2025-03,CLUB COLOMBIA PREMIUM/EXTRA FINA LATA NO RETORNABLE 330.0,3927
2025-04,CLUB COLOMBIA PREMIUM/EXTRA FINA LATA NO RETORNABLE 330.0,3809
2025-05,CLUB COLOMBIA PREMIUM/EXTRA FINA LATA NO RETORNABLE 330.0,4095
2025-06,CLUB COLOMBIA PREMIUM/EXTRA FINA LATA NO RETORNABLE 330.0,3405
2025-07,CLUB COLOMBIA PREMIUM/EXTRA FINA LATA NO RETORNABLE 330.0,3954
2025-08,CLUB COLOMBIA PREMIUM/EXTRA FINA LATA NO RETORNABLE 330.0,3502
2024-09,CLUB COLOMBIA PREMIUM/EXTRA FINA LATA NO RETORNABLE 473.0,4000
2024-10,CLUB COLOMBIA PREMIUM/EXTRA FINA LATA NO RETORNABLE 473.0,4080
2024-11,CLUB COLOMBIA PREMIUM/EXTRA FINA LATA NO RETORNABLE 473.0,3917
2024-12,CLUB COLOMBIA PREMIUM/EXTRA FINA LATA NO RETORNABLE 473.0,3723
2025-01,CLUB COLOMBIA PREMIUM/EXTRA FINA LATA NO RETORNABLE 473.0,4269
2025-02,CLUB COLOMBIA PREMIUM/EXTRA FINA LATA NO RETORNABLE 473.0,3980
2025-03,CLUB COLOMBIA PREMIUM/EXTRA FINA LATA NO RETORNABLE 473.0,4163
2025-04,CLUB COLOMBIA PREMIUM/EXTRA FINA LATA NO RETORNABLE 473.0,3713
2025-05,CLUB COLOMBIA PREMIUM/EXTRA FINA LATA NO RETORNABLE 473.0,4232
2025-06,CLUB COLOMBIA PREMIUM/EXTRA FINA LATA NO RETORNABLE 473.0,4226
2025-07,CLUB COLOMBIA PREMIUM/EXTRA FINA LATA NO RETORNABLE 473.0,4200.333333
2025-08,CLUB COLOMBIA PREMIUM/EXTRA FINA LATA NO RETORNABLE 473.0,3975
2024-09,CLUB COLOMBIA ROJA BOTELLA NO RETORNABLE 330.0,2882.666667
2024-10,CLUB COLOMBIA ROJA BOTELLA NO RETORNABLE 330.0,4305
2024-11,CLUB COLOMBIA ROJA BOTELLA NO RETORNABLE 330.0,4229
2024-09,CLUB COLOMBIA ROJA BOTELLA RETORNABLE 330.0,3348.333333
2024-10,CLUB COLOMBIA ROJA BOTELLA RETORNABLE 330.0,3568
2024-11,CLUB COLOMBIA ROJA BOTELLA RETORNABLE 330.0,3662
2024-12,CLUB COLOMBIA ROJA BOTELLA RETORNABLE 330.0,3662
2025-01,CLUB COLOMBIA ROJA BOTELLA RETORNABLE 330.0,3445
2025-02,CLUB COLOMBIA ROJA BOTELLA RETORNABLE 330.0,3445
2025-03,CLUB COLOMBIA ROJA BOTELLA RETORNABLE 330.0,3208
2025-04,CLUB COLOMBIA ROJA BOTELLA RETORNABLE 330.0,3145
2025-05,CLUB COLOMBIA ROJA BOTELLA RETORNABLE 330.0,3960
2025-06,CLUB COLOMBIA ROJA BOTELLA RETORNABLE 330.0,3414
2025-07,CLUB COLOMBIA ROJA BOTELLA RETORNABLE 330.0,3953
2025-08,CLUB COLOMBIA ROJA BOTELLA RETORNABLE 330.0,3976
2024-09,CLUB COLOMBIA ROJA LATA NO RETORNABLE 330.0,3261
2024-10,CLUB COLOMBIA ROJA LATA NO RETORNABLE 330.0,3619
2024-11,CLUB COLOMBIA ROJA LATA NO RETORNABLE 330.0,3860
2024-12,CLUB COLOMBIA ROJA LATA NO RETORNABLE 330.0,3329
2025-01,CLUB COLOMBIA ROJA LATA NO RETORNABLE 330.0,3612
2025-02,CLUB COLOMBIA ROJA LATA NO RETORNABLE 330.0,3673
2025-03,CLUB COLOMBIA ROJA LATA NO RETORNABLE 330.0,3740
2025-04,CLUB COLOMBIA ROJA LATA NO RETORNABLE 330.0,3669
2025-05,CLUB COLOMBIA ROJA LATA NO RETORNABLE 330.0,3459
2025-06,CLUB COLOMBIA ROJA LATA NO RETORNABLE 330.0,4076
2025-07,CLUB COLOMBIA ROJA LATA NO RETORNABLE 330.0,4112
2025-08,CLUB COLOMBIA ROJA LATA NO RETORNABLE 330.0,4053
2024-10,CLUB COLOMBIA TRIGO BOTELLA NO RETORNABLE 330.0,3873
2024-11,CLUB COLOMBIA TRIGO BOTELLA NO RETORNABLE 330.0,3985
2024-12,CLUB COLOMBIA TRIGO BOTELLA NO RETORNABLE 330.0,3871
2025-01,CLUB COLOMBIA TRIGO BOTELLA NO RETORNABLE 330.0,3908
2025-02,CLUB COLOMBIA TRIGO BOTELLA NO RETORNABLE 330.0,3888
2025-04,CLUB COLOMBIA TRIGO BOTELLA NO RETORNABLE 330.0,4155
2025-05,CLUB COLOMBIA TRIGO BOTELLA NO RETORNABLE 330.0,3801
2025-06,CLUB COLOMBIA TRIGO BOTELLA NO RETORNABLE 330.0,3920
2025-07,CLUB COLOMBIA TRIGO BOTELLA NO RETORNABLE 330.0,3911
2025-08,CLUB COLOMBIA TRIGO BOTELLA NO RETORNABLE 330.0,4475
2024-10,CLUB COLOMBIA TRIGO BOTELLA RETORNABLE 330.0,2805
2024-11,CLUB COLOMBIA TRIGO BOTELLA RETORNABLE 330.0,2715
2024-12,CLUB COLOMBIA TRIGO BOTELLA RETORNABLE 330.0,2756
2025-01,CLUB COLOMBIA TRIGO BOTELLA RETORNABLE 330.0,3192
2025-02,CLUB COLOMBIA TRIGO BOTELLA RETORNABLE 330.0,3000
2025-03,CLUB COLOMBIA TRIGO BOTELLA RETORNABLE 330.0,2700
2025-04,CLUB COLOMBIA TRIGO BOTELLA RETORNABLE 330.0,2934
2025-05,CLUB COLOMBIA TRIGO BOTELLA RETORNABLE 330.0,3535
2025-06,CLUB COLOMBIA TRIGO BOTELLA RETORNABLE 330.0,3775
2025-07,CLUB COLOMBIA TRIGO BOTELLA RETORNABLE 330.0,3464
2025-08,CLUB COLOMBIA TRIGO BOTELLA RETORNABLE 330.0,3743
2024-09,CORONA CERO BOTELLA NO RETORNABLE 330.0,4338
2024-10,CORONA CERO BOTELLA NO RETORNABLE 330.0,4876
2024-11,CORONA CERO BOTELLA NO RETORNABLE 330.0,4710
2024-12,CORONA CERO BOTELLA NO RETORNABLE 330.0,4618
2025-01,CORONA CERO BOTELLA NO RETORNABLE 330.0,4620
2025-02,CORONA CERO BOTELLA NO RETORNABLE 330.0,4741
2025-03,CORONA CERO BOTELLA NO RETORNABLE 330.0,4589
2025-04,CORONA CERO BOTELLA NO RETORNABLE 330.0,4653
2025-05,CORONA CERO BOTELLA NO RETORNABLE 330.0,4676
2025-06,CORONA CERO BOTELLA NO RETORNABLE 330.0,4780
2025-07,CORONA CERO BOTELLA NO RETORNABLE 330.0,4888
2025-08,CORONA CERO BOTELLA NO RETORNABLE 330.0,4623
2025-05,CORONA CERO LATA NO RETORNABLE 269.0,2892
2025-06,CORONA CERO LATA NO RETORNABLE 269.0,2805
2025-07,CORONA CERO LATA NO RETORNABLE 269.0,2971
2025-08,CORONA CERO LATA NO RETORNABLE 269.0,3002
2024-09,CORONA EXTRA BOTELLA NO RETORNABLE 330.0,4393
2024-10,CORONA EXTRA BOTELLA NO RETORNABLE 330.0,3997
2024-11,CORONA EXTRA BOTELLA NO RETORNABLE 330.0,4595
2024-12,CORONA EXTRA BOTELLA NO RETORNABLE 330.0,4438
2025-01,CORONA EXTRA BOTELLA NO RETORNABLE 330.0,4297
2025-02,CORONA EXTRA BOTELLA NO RETORNABLE 330.0,4133
2025-03,CORONA EXTRA BOTELLA NO RETORNABLE 330.0,4653
2025-04,CORONA EXTRA BOTELLA NO RETORNABLE 330.0,3911
2025-05,CORONA EXTRA BOTELLA NO RETORNABLE 330.0,4614
2025-06,CORONA EXTRA BOTELLA NO RETORNABLE 330.0,4671
2025-07,CORONA EXTRA BOTELLA NO RETORNABLE 330.0,4675
2025-08,CORONA EXTRA BOTELLA NO RETORNABLE 330.0,4436
2024-09,CORONA EXTRA BOTELLA NO RETORNABLE 355.0,4388
2024-10,CORONA EXTRA BOTELLA NO RETORNABLE 355.0,4299
2024-11,CORONA EXTRA BOTELLA NO RETORNABLE 355.0,4605
2024-12,CORONA EXTRA BOTELLA NO RETORNABLE 355.0,4326
2025-01,CORONA EXTRA BOTELLA NO RETORNABLE 355.0,4491
2025-02,CORONA EXTRA BOTELLA NO RETORNABLE 355.0,4225
2025-03,CORONA EXTRA BOTELLA NO RETORNABLE 355.0,4909
2025-06,CORONA EXTRA BOTELLA NO RETORNABLE 355.0,4492
2025-08,CORONA EXTRA BOTELLA NO RETORNABLE 355.0,4224
2024-09,CORONA EXTRA LATA NO RETORNABLE 269.0,2709
2024-10,CORONA EXTRA LATA NO RETORNABLE 269.0,3309
2024-11,CORONA EXTRA LATA NO RETORNABLE 269.0,3221
2024-12,CORONA EXTRA LATA NO RETORNABLE 269.0,3123
2025-01,CORONA EXTRA LATA NO RETORNABLE 269.0,3308
2025-02,CORONA EXTRA LATA NO RETORNABLE 269.0,3229
2025-03,CORONA EXTRA LATA NO RETORNABLE 269.0,3314
2025-04,CORONA EXTRA LATA NO RETORNABLE 269.0,3011
2025-05,CORONA EXTRA LATA NO RETORNABLE 269.0,3116
2025-06,CORONA EXTRA LATA NO RETORNABLE 269.0,3034
2025-07,CORONA EXTRA LATA NO RETORNABLE 269.0,2730
2025-08,CORONA EXTRA LATA NO RETORNABLE 269.0,2928
2025-01,CORONITA EXTRA BOTELLA NO RETORNABLE 207.0,2718
2025-04,CORONITA EXTRA BOTELLA NO RETORNABLE 207.0,2735
2025-06,CORONITA EXTRA BOTELLA NO RETORNABLE 207.0,2438
2025-08,CORONITA EXTRA BOTELLA NO RETORNABLE 207.0,2891
2024-09,CORONITA EXTRA BOTELLA NO RETORNABLE 210.0,3022
2024-10,CORONITA EXTRA BOTELLA NO RETORNABLE 210.0,2823
2024-11,CORONITA EXTRA BOTELLA NO RETORNABLE 210.0,2844
2024-12,CORONITA EXTRA BOTELLA NO RETORNABLE 210.0,3558
2025-01,CORONITA EXTRA BOTELLA NO RETORNABLE 210.0,3350
2025-02,CORONITA EXTRA BOTELLA NO RETORNABLE 210.0,3481
2025-03,CORONITA EXTRA BOTELLA NO RETORNABLE 210.0,3078
2025-04,CORONITA EXTRA BOTELLA NO RETORNABLE 210.0,3308
2025-05,CORONITA EXTRA BOTELLA NO RETORNABLE 210.0,3697
2025-06,CORONITA EXTRA BOTELLA NO RETORNABLE 210.0,2968
2025-07,CORONITA EXTRA BOTELLA NO RETORNABLE 210.0,3367.333333
2025-08,CORONITA EXTRA BOTELLA NO RETORNABLE 210.0,3273
2024-09,COSTENA BACANA BOTELLA RETORNABLE 320.0,2172
2024-10,COSTENA BACANA BOTELLA RETORNABLE 320.0,2444
2024-11,COSTENA BACANA BOTELLA RETORNABLE 320.0,1768
2024-12,COSTENA BACANA BOTELLA RETORNABLE 320.0,2357
2025-01,COSTENA BACANA BOTELLA RETORNABLE 320.0,2190
2025-02,COSTENA BACANA BOTELLA RETORNABLE 320.0,2028
2025-03,COSTENA BACANA BOTELLA RETORNABLE 320.0,2377
2025-04,COSTENA BACANA BOTELLA RETORNABLE 320.0,1769
2025-05,COSTENA BACANA BOTELLA RETORNABLE 320.0,2482
2025-06,COSTENA BACANA BOTELLA RETORNABLE 320.0,1811
2025-07,COSTENA BACANA BOTELLA RETORNABLE 320.0,2223
2025-08,COSTENA BACANA BOTELLA RETORNABLE 320.0,2026
2025-02,COSTENA BACANA LATA NO RETORNABLE 269.0,2212
2025-03,COSTENA BACANA LATA NO RETORNABLE 269.0,1993
2025-04,COSTENA BACANA LATA NO RETORNABLE 269.0,1859
2025-05,COSTENA BACANA LATA NO RETORNABLE 269.0,2342
2025-06,COSTENA BACANA LATA NO RETORNABLE 269.0,2283
2025-07,COSTENA BACANA LATA NO RETORNABLE 269.0,1929
2025-08,COSTENA BACANA LATA NO RETORNABLE 269.0,1839
2024-09,COSTENA BACANA LATA NO RETORNABLE 330.0,2119
2024-10,COSTENA BACANA LATA NO RETORNABLE 330.0,2750
2024-11,COSTENA BACANA LATA NO RETORNABLE 330.0,2129
2024-12,COSTENA BACANA LATA NO RETORNABLE 330.0,2440
2025-01,COSTENA BACANA LATA NO RETORNABLE 330.0,2770
2025-02,COSTENA BACANA LATA NO RETORNABLE 330.0,2666
2025-03,COSTENA BACANA LATA NO RETORNABLE 330.0,2535
2025-04,COSTENA BACANA LATA NO RETORNABLE 330.0,2411
2025-05,COSTENA BACANA LATA NO RETORNABLE 330.0,2257
2025-06,COSTENA BACANA LATA NO RETORNABLE 330.0,2312
2025-07,COSTENA BACANA LATA NO RETORNABLE 330.0,2530
2025-08,COSTENA BACANA LATA NO RETORNABLE 330.0,3255
2025-04,COSTENA BACANA LATA NO RETORNABLE 473.0,3589
2025-05,COSTENA BACANA LATA NO RETORNABLE 473.0,3447
2025-06,COSTENA BACANA LATA NO RETORNABLE 473.0,3576
2025-07,COSTENA BACANA LATA NO RETORNABLE 473.0,3232
2025-08,COSTENA BACANA LATA NO RETORNABLE 473.0,3648
2024-11,COSTENA CTE BOTELLA RETORNABLE 1000.0,4047
2024-12,COSTENA CTE BOTELLA RETORNABLE 1000.0,4369
2025-01,COSTENA CTE BOTELLA RETORNABLE 1000.0,3987
2025-02,COSTENA CTE BOTELLA RETORNABLE 1000.0,4328
2025-03,COSTENA CTE BOTELLA RETORNABLE 1000.0,4230
2025-04,COSTENA CTE BOTELLA RETORNABLE 1000.0,3830
2025-05,COSTENA CTE BOTELLA RETORNABLE 1000.0,4015
2025-06,COSTENA CTE BOTELLA RETORNABLE 1000.0,3868
2025-07,COSTENA CTE BOTELLA RETORNABLE 1000.0,4096
2025-08,COSTENA CTE BOTELLA RETORNABLE 1000.0,3847
2024-09,COSTENA CTE BOTELLA RETORNABLE 330.0,1528
2024-10,COSTENA CTE BOTELLA RETORNABLE 330.0,1569
2024-11,COSTENA CTE BOTELLA RETORNABLE 330.0,1868
2024-12,COSTENA CTE BOTELLA RETORNABLE 330.0,1600
2025-01,COSTENA CTE BOTELLA RETORNABLE 330.0,2237
2025-02,COSTENA CTE BOTELLA RETORNABLE 330.0,2117
2025-03,COSTENA CTE BOTELLA RETORNABLE 330.0,2134
2025-04,COSTENA CTE BOTELLA RETORNABLE 330.0,1507
2025-05,COSTENA CTE BOTELLA RETORNABLE 330.0,1827
2025-06,COSTENA CTE BOTELLA RETORNABLE 330.0,1712
2025-07,COSTENA CTE BOTELLA RETORNABLE 330.0,2282
2025-08,COSTENA CTE BOTELLA RETORNABLE 330.0,2052
2024-09,COSTENA CTE BOTELLA RETORNABLE 350.0,2398
2024-10,COSTENA CTE BOTELLA RETORNABLE 350.0,2686
2024-11,COSTENA CTE BOTELLA RETORNABLE 350.0,2638
2024-12,COSTENA CTE BOTELLA RETORNABLE 350.0,1930
2025-01,COSTENA CTE BOTELLA RETORNABLE 350.0,2046
2025-02,COSTENA CTE BOTELLA RETORNABLE 350.0,1984
2025-03,COSTENA CTE BOTELLA RETORNABLE 350.0,2245
2024-09,COSTENA CTE BOTELLA RETORNABLE 750.0,3485
2024-10,COSTENA CTE BOTELLA RETORNABLE 750.0,3107
2024-11,COSTENA CTE BOTELLA RETORNABLE 750.0,3395
2024-12,COSTENA CTE BOTELLA RETORNABLE 750.0,2879
2025-01,COSTENA CTE BOTELLA RETORNABLE 750.0,2920
2025-02,COSTENA CTE BOTELLA RETORNABLE 750.0,2895
2025-03,COSTENA CTE BOTELLA RETORNABLE 750.0,3348
2025-04,COSTENA CTE BOTELLA RETORNABLE 750.0,3543
2025-05,COSTENA CTE BOTELLA RETORNABLE 750.0,3196
2025-06,COSTENA CTE BOTELLA RETORNABLE 750.0,2986
2025-07,COSTENA CTE BOTELLA RETORNABLE 750.0,3077
2025-08,COSTENA CTE BOTELLA RETORNABLE 750.0,3143
2024-09,COSTENA CTE LATA NO RETORNABLE 330.0,1226
2024-10,COSTENA CTE LATA NO RETORNABLE 330.0,1399
2024-11,COSTENA CTE LATA NO RETORNABLE 330.0,1849
2024-12,COSTENA CTE LATA NO RETORNABLE 330.0,1481
2025-01,COSTENA CTE LATA NO RETORNABLE 330.0,1849
2025-02,COSTENA CTE LATA NO RETORNABLE 330.0,1565
2025-03,COSTENA CTE LATA NO RETORNABLE 330.0,1645
2025-04,COSTENA CTE LATA NO RETORNABLE 330.0,1945
2025-05,COSTENA CTE LATA NO RETORNABLE 330.0,1442
2025-06,COSTENA CTE LATA NO RETORNABLE 330.0,1781
2025-07,COSTENA CTE LATA NO RETORNABLE 330.0,1263
2025-08,COSTENA CTE LATA NO RETORNABLE 330.0,1499
2024-09,COSTENITA CTE BOTELLA RETORNABLE 175.0,2043
2024-10,COSTENITA CTE BOTELLA RETORNABLE 175.0,2090
2024-11,COSTENITA CTE BOTELLA RETORNABLE 175.0,1746
2024-12,COSTENITA CTE BOTELLA RETORNABLE 175.0,2220
2025-01,COSTENITA CTE BOTELLA RETORNABLE 175.0,2058
2025-02,COSTENITA CTE BOTELLA RETORNABLE 175.0,2420
2025-03,COSTENITA CTE BOTELLA RETORNABLE 175.0,2106
2025-04,COSTENITA CTE BOTELLA RETORNABLE 175.0,2399
2025-05,COSTENITA CTE BOTELLA RETORNABLE 175.0,2252
2025-06,COSTENITA CTE BOTELLA RETORNABLE 175.0,2128
2025-07,COSTENITA CTE BOTELLA RETORNABLE 175.0,2072
2025-08,COSTENITA CTE BOTELLA RETORNABLE 175.0,1715
2024-09,KAUFMANN OTRAS LATA NO RETORNABLE 330.0,1556
2024-10,KAUFMANN OTRAS LATA NO RETORNABLE 330.0,1288
2024-11,KAUFMANN OTRAS LATA NO RETORNABLE 330.0,1688
2024-12,KAUFMANN OTRAS LATA NO RETORNABLE 330.0,1757
2025-01,KAUFMANN OTRAS LATA NO RETORNABLE 330.0,1488
2025-02,KAUFMANN OTRAS LATA NO RETORNABLE 330.0,1904
2025-03,KAUFMANN OTRAS LATA NO RETORNABLE 330.0,1609
2025-04,KAUFMANN OTRAS LATA NO RETORNABLE 330.0,1890
2025-05,KAUFMANN OTRAS LATA NO RETORNABLE 330.0,1946
2025-06,KAUFMANN OTRAS LATA NO RETORNABLE 330.0,1712
2025-07,KAUFMANN OTRAS LATA NO RETORNABLE 330.0,1559
2025-08,KAUFMANN OTRAS LATA NO RETORNABLE 330.0,2292
2024-09,MICHELOB ULTRA CTE BOTELLA NO RETORNABLE 355.0,3043.333333
2024-10,MICHELOB ULTRA CTE BOTELLA NO RETORNABLE 355.0,3077
2024-11,MICHELOB ULTRA CTE BOTELLA NO RETORNABLE 355.0,2791
2024-12,MICHELOB ULTRA CTE BOTELLA NO RETORNABLE 355.0,2789
2025-01,MICHELOB ULTRA CTE BOTELLA NO RETORNABLE 355.0,2845
2025-02,MICHELOB ULTRA CTE BOTELLA NO RETORNABLE 355.0,2831
2025-03,MICHELOB ULTRA CTE BOTELLA NO RETORNABLE 355.0,4945
2025-04,MICHELOB ULTRA CTE BOTELLA NO RETORNABLE 355.0,4311
2025-05,MICHELOB ULTRA CTE BOTELLA NO RETORNABLE 355.0,4281
2025-06,MICHELOB ULTRA CTE BOTELLA NO RETORNABLE 355.0,4457
2025-07,MICHELOB ULTRA CTE BOTELLA NO RETORNABLE 355.0,3858.333333
2025-08,MICHELOB ULTRA CTE BOTELLA NO RETORNABLE 355.0,3896
2024-09,MICHELOB ULTRA CTE LATA NO RETORNABLE 269.0,3214
2024-10,MICHELOB ULTRA CTE LATA NO RETORNABLE 269.0,3041
2024-11,MICHELOB ULTRA CTE LATA NO RETORNABLE 269.0,2738
2024-12,MICHELOB ULTRA CTE LATA NO RETORNABLE 269.0,2699
2025-01,MICHELOB ULTRA CTE LATA NO RETORNABLE 269.0,2687
2025-02,MICHELOB ULTRA CTE LATA NO RETORNABLE 269.0,2458
2025-03,MICHELOB ULTRA CTE LATA NO RETORNABLE 269.0,3106
2025-04,MICHELOB ULTRA CTE LATA NO RETORNABLE 269.0,3222
2025-05,MICHELOB ULTRA CTE LATA NO RETORNABLE 269.0,3139
2025-06,MICHELOB ULTRA CTE LATA NO RETORNABLE 269.0,3179
2025-07,MICHELOB ULTRA CTE LATA NO RETORNABLE 269.0,2711
2025-08,MICHELOB ULTRA CTE LATA NO RETORNABLE 269.0,2808
2024-09,MODELO ESPECIAL BOTELLA NO RETORNABLE 355.0,6297
2024-10,MODELO ESPECIAL BOTELLA NO RETORNABLE 355.0,6926
2024-11,MODELO ESPECIAL BOTELLA NO RETORNABLE 355.0,6590
2024-12,MODELO ESPECIAL BOTELLA NO RETORNABLE 355.0,6883
2025-01,MODELO ESPECIAL BOTELLA NO RETORNABLE 355.0,6647
2025-02,MODELO ESPECIAL BOTELLA NO RETORNABLE 355.0,6344
2025-03,MODELO ESPECIAL BOTELLA NO RETORNABLE 355.0,6663
2025-05,MODELO ESPECIAL BOTELLA NO RETORNABLE 355.0,5754
2025-06,MODELO ESPECIAL BOTELLA NO RETORNABLE 355.0,6152
2025-07,MODELO ESPECIAL BOTELLA NO RETORNABLE 355.0,6475
2025-08,MODELO ESPECIAL BOTELLA NO RETORNABLE 355.0,5734
2024-09,NATIVA T. BOTELLA RETORNABLE 250.0,1379
2024-10,NATIVA T. BOTELLA RETORNABLE 250.0,981
2024-11,NATIVA T. BOTELLA RETORNABLE 250.0,1438
2025-06,NATIVA T. BOTELLA RETORNABLE 250.0,1709
2024-09,NATIVA T. BOTELLA RETORNABLE 330.0,1440
2024-10,NATIVA T. BOTELLA RETORNABLE 330.0,1448
2024-11,NATIVA T. BOTELLA RETORNABLE 330.0,1561
2024-12,NATIVA T. BOTELLA RETORNABLE 330.0,1572
2025-01,NATIVA T. BOTELLA RETORNABLE 330.0,1674
2025-02,NATIVA T. BOTELLA RETORNABLE 330.0,1798
2025-03,NATIVA T. BOTELLA RETORNABLE 330.0,1827
2025-04,NATIVA T. BOTELLA RETORNABLE 330.0,1254
2025-05,NATIVA T. BOTELLA RETORNABLE 330.0,1731.666667
2025-06,NATIVA T. BOTELLA RETORNABLE 330.0,1692
2025-07,NATIVA T. BOTELLA RETORNABLE 330.0,1890
2025-08,NATIVA T. BOTELLA RETORNABLE 330.0,1824
2024-09,PILSEN CTE BOTELLA RETORNABLE 1000.0,5700
2024-10,PILSEN CTE BOTELLA RETORNABLE 1000.0,5848
2024-11,PILSEN CTE BOTELLA RETORNABLE 1000.0,5696
2024-12,PILSEN CTE BOTELLA RETORNABLE 1000.0,5839
2025-01,PILSEN CTE BOTELLA RETORNABLE 1000.0,5686
2025-02,PILSEN CTE BOTELLA RETORNABLE 1000.0,5656
2025-03,PILSEN CTE BOTELLA RETORNABLE 1000.0,5203
2025-04,PILSEN CTE BOTELLA RETORNABLE 1000.0,5297
2025-05,PILSEN CTE BOTELLA RETORNABLE 1000.0,5593
2025-06,PILSEN CTE BOTELLA RETORNABLE 1000.0,5701
2025-07,PILSEN CTE BOTELLA RETORNABLE 1000.0,5984
2025-08,PILSEN CTE BOTELLA RETORNABLE 1000.0,5928
2024-09,PILSEN CTE BOTELLA RETORNABLE 330.0,2789
2024-10,PILSEN CTE BOTELLA RETORNABLE 330.0,2423
2024-11,PILSEN CTE BOTELLA RETORNABLE 330.0,2630
2024-12,PILSEN CTE BOTELLA RETORNABLE 330.0,2752
2025-01,PILSEN CTE BOTELLA RETORNABLE 330.0,2723
2025-02,PILSEN CTE BOTELLA RETORNABLE 330.0,2435
2025-03,PILSEN CTE BOTELLA RETORNABLE 330.0,2540
2025-04,PILSEN CTE BOTELLA RETORNABLE 330.0,2819
2025-05,PILSEN CTE BOTELLA RETORNABLE 330.0,2880
2025-06,PILSEN CTE BOTELLA RETORNABLE 330.0,2964
2025-07,PILSEN CTE BOTELLA RETORNABLE 330.0,3175
2025-08,PILSEN CTE BOTELLA RETORNABLE 330.0,2591
2024-09,PILSEN CTE LATA NO RETORNABLE 330.0,3578
2024-10,PILSEN CTE LATA NO RETORNABLE 330.0,3346
2024-11,PILSEN CTE LATA NO RETORNABLE 330.0,3626
2024-12,PILSEN CTE LATA NO RETORNABLE 330.0,3299
2025-01,PILSEN CTE LATA NO RETORNABLE 330.0,3025
2025-02,PILSEN CTE LATA NO RETORNABLE 330.0,3090
2025-03,PILSEN CTE LATA NO RETORNABLE 330.0,3225
2025-04,PILSEN CTE LATA NO RETORNABLE 330.0,3050
2025-05,PILSEN CTE LATA NO RETORNABLE 330.0,3694
2025-06,PILSEN CTE LATA NO RETORNABLE 330.0,3194
2025-07,PILSEN CTE LATA NO RETORNABLE 330.0,3794
2025-08,PILSEN CTE LATA NO RETORNABLE 330.0,3640
2024-09,PILSEN CTE LATA NO RETORNABLE 473.0,3419
2024-10,PILSEN CTE LATA NO RETORNABLE 473.0,3946
2024-11,PILSEN CTE LATA NO RETORNABLE 473.0,3290
2024-12,PILSEN CTE LATA NO RETORNABLE 473.0,3345
2025-01,PILSEN CTE LATA NO RETORNABLE 473.0,3519
2025-02,PILSEN CTE LATA NO RETORNABLE 473.0,3459
2025-03,PILSEN CTE LATA NO RETORNABLE 473.0,3754
2025-04,PILSEN CTE LATA NO RETORNABLE 473.0,3929
2025-05,PILSEN CTE LATA NO RETORNABLE 473.0,3887
2025-06,PILSEN CTE LATA NO RETORNABLE 473.0,4168
2025-07,PILSEN CTE LATA NO RETORNABLE 473.0,3444
2025-08,PILSEN CTE LATA NO RETORNABLE 473.0,4042
2024-09,POKER CTE BOTELLA RETORNABLE 1000.0,5355
2024-10,POKER CTE BOTELLA RETORNABLE 1000.0,4834
2024-11,POKER CTE BOTELLA RETORNABLE 1000.0,5002
2024-12,POKER CTE BOTELLA RETORNABLE 1000.0,5149
2025-01,POKER CTE BOTELLA RETORNABLE 1000.0,5787
2025-02,POKER CTE BOTELLA RETORNABLE 1000.0,5012
2025-03,POKER CTE BOTELLA RETORNABLE 1000.0,5630
2025-04,POKER CTE BOTELLA RETORNABLE 1000.0,5281
2025-05,POKER CTE BOTELLA RETORNABLE 1000.0,5818
2025-06,POKER CTE BOTELLA RETORNABLE 1000.0,5636
2025-07,POKER CTE BOTELLA RETORNABLE 1000.0,5535
2025-08,POKER CTE BOTELLA RETORNABLE 1000.0,5227
2024-09,POKER CTE BOTELLA RETORNABLE 250.0,1839
2024-10,POKER CTE BOTELLA RETORNABLE 250.0,2042
2024-11,POKER CTE BOTELLA RETORNABLE 250.0,2294
2024-12,POKER CTE BOTELLA RETORNABLE 250.0,2027
2025-01,POKER CTE BOTELLA RETORNABLE 250.0,1709
2025-02,POKER CTE BOTELLA RETORNABLE 250.0,1899
2025-03,POKER CTE BOTELLA RETORNABLE 250.0,1771
2025-04,POKER CTE BOTELLA RETORNABLE 250.0,2380
2025-05,POKER CTE BOTELLA RETORNABLE 250.0,2227
2025-06,POKER CTE BOTELLA RETORNABLE 250.0,1957
2025-07,POKER CTE BOTELLA RETORNABLE 250.0,1869
2025-08,POKER CTE BOTELLA RETORNABLE 250.0,1858
2024-09,POKER CTE BOTELLA RETORNABLE 330.0,2542
2024-10,POKER CTE BOTELLA RETORNABLE 330.0,2382
2024-11,POKER CTE BOTELLA RETORNABLE 330.0,2346
2024-12,POKER CTE BOTELLA RETORNABLE 330.0,2215
2025-01,POKER CTE BOTELLA RETORNABLE 330.0,2595
2025-02,POKER CTE BOTELLA RETORNABLE 330.0,2677
2025-03,POKER CTE BOTELLA RETORNABLE 330.0,2910
2025-04,POKER CTE BOTELLA RETORNABLE 330.0,2863
2025-05,POKER CTE BOTELLA RETORNABLE 330.0,2994
2025-06,POKER CTE BOTELLA RETORNABLE 330.0,2418
2025-07,POKER CTE BOTELLA RETORNABLE 330.0,2660
2025-08,POKER CTE BOTELLA RETORNABLE 330.0,2728
2024-09,POKER CTE BOTELLA RETORNABLE 750.0,4524
2024-10,POKER CTE BOTELLA RETORNABLE 750.0,4269
2024-11,POKER CTE BOTELLA RETORNABLE 750.0,4848
2024-12,POKER CTE BOTELLA RETORNABLE 750.0,4640
2025-01,POKER CTE BOTELLA RETORNABLE 750.0,4300
2025-02,POKER CTE BOTELLA RETORNABLE 750.0,4854
2025-03,POKER CTE BOTELLA RETORNABLE 750.0,4571
2025-04,POKER CTE BOTELLA RETORNABLE 750.0,4966
2025-05,POKER CTE BOTELLA RETORNABLE 750.0,4317
2025-06,POKER CTE BOTELLA RETORNABLE 750.0,4738
2025-07,POKER CTE BOTELLA RETORNABLE 750.0,4575
2025-08,POKER CTE BOTELLA RETORNABLE 750.0,4976
2024-09,POKER CTE LATA NO RETORNABLE 269.0,1724
2024-10,POKER CTE LATA NO RETORNABLE 269.0,1937
2024-11,POKER CTE LATA NO RETORNABLE 269.0,2264
2024-12,POKER CTE LATA NO RETORNABLE 269.0,1967
2025-01,POKER CTE LATA NO RETORNABLE 269.0,1840
2025-02,POKER CTE LATA NO RETORNABLE 269.0,2509
2025-03,POKER CTE LATA NO RETORNABLE 269.0,2065
2025-04,POKER CTE LATA NO RETORNABLE 269.0,1856.5
2025-05,POKER CTE LATA NO RETORNABLE 269.0,2048
2025-06,POKER CTE LATA NO RETORNABLE 269.0,2469
2025-07,POKER CTE LATA NO RETORNABLE 269.0,2320
2025-08,POKER CTE LATA NO RETORNABLE 269.0,2048
2024-09,POKER CTE LATA NO RETORNABLE 330.0,3123
2024-10,POKER CTE LATA NO RETORNABLE 330.0,3209
2024-11,POKER CTE LATA NO RETORNABLE 330.0,3543
2024-12,POKER CTE LATA NO RETORNABLE 330.0,3280
2025-01,POKER CTE LATA NO RETORNABLE 330.0,3243
2025-02,POKER CTE LATA NO RETORNABLE 330.0,3384
2025-03,POKER CTE LATA NO RETORNABLE 330.0,3267
2025-04,POKER CTE LATA NO RETORNABLE 330.0,3453
2025-05,POKER CTE LATA NO RETORNABLE 330.0,3337
2025-06,POKER CTE LATA NO RETORNABLE 330.0,3240
2025-07,POKER CTE LATA NO RETORNABLE 330.0,3750.333333
2025-08,POKER CTE LATA NO RETORNABLE 330.0,3370
2024-09,POKER CTE LATA NO RETORNABLE 473.0,3883
2024-10,POKER CTE LATA NO RETORNABLE 473.0,3725
2024-11,POKER CTE LATA NO RETORNABLE 473.0,3564
2024-12,POKER CTE LATA NO RETORNABLE 473.0,3732
2025-01,POKER CTE LATA NO RETORNABLE 473.0,3910
2025-02,POKER CTE LATA NO RETORNABLE 473.0,3603
2025-03,POKER CTE LATA NO RETORNABLE 473.0,3553
2025-04,POKER CTE LATA NO RETORNABLE 473.0,3541
2025-05,POKER CTE LATA NO RETORNABLE 473.0,3535
2025-06,POKER CTE LATA NO RETORNABLE 473.0,3941
2025-07,POKER CTE LATA NO RETORNABLE 473.0,3780
2025-08,POKER CTE LATA NO RETORNABLE 473.0,4391
2024-11,POKER LIGERA BOTELLA RETORNABLE 330.0,2476
2025-01,POKER LIGERA BOTELLA RETORNABLE 330.0,2115
2025-03,POKER LIGERA BOTELLA RETORNABLE 330.0,1996
2025-04,POKER LIGERA BOTELLA RETORNABLE 330.0,2435
2025-05,POKER LIGERA BOTELLA RETORNABLE 330.0,2106
2025-06,POKER LIGERA BOTELLA RETORNABLE 330.0,1975
2025-07,POKER LIGERA BOTELLA RETORNABLE 330.0,2387
2025-08,POKER LIGERA BOTELLA RETORNABLE 330.0,2346
2024-09,POKER PURA MALTA LATA NO RETORNABLE 330.0,2301
2025-06,REDD'S CTE BOTELLA RETORNABLE 330.0,3774
2025-07,REDD'S CTE BOTELLA RETORNABLE 330.0,3508
2025-08,REDD'S CTE BOTELLA RETORNABLE 330.0,3314
2025-03,REDD'S ROSE LATA NO RETORNABLE 269.0,3255
2025-04,REDD'S ROSE LATA NO RETORNABLE 269.0,3727
2025-05,REDD'S ROSE LATA NO RETORNABLE 269.0,3798
2025-06,REDD'S ROSE LATA NO RETORNABLE 269.0,3654
2025-07,REDD'S ROSE LATA NO RETORNABLE 269.0,3921
2025-08,REDD'S ROSE LATA NO RETORNABLE 269.0,3881
2024-09,STELLA ARTOIS T. BOTELLA NO RETORNABLE 330.0,4306
2024-10,STELLA ARTOIS T. BOTELLA NO RETORNABLE 330.0,3871
2024-11,STELLA ARTOIS T. BOTELLA NO RETORNABLE 330.0,4309
2024-12,STELLA ARTOIS T. BOTELLA NO RETORNABLE 330.0,4098
2025-01,STELLA ARTOIS T. BOTELLA NO RETORNABLE 330.0,3806
2025-02,STELLA ARTOIS T. BOTELLA NO RETORNABLE 330.0,4380
2025-03,STELLA ARTOIS T. BOTELLA NO RETORNABLE 330.0,4546
2025-04,STELLA ARTOIS T. BOTELLA NO RETORNABLE 330.0,4495
2025-05,STELLA ARTOIS T. BOTELLA NO RETORNABLE 330.0,4191
2025-06,STELLA ARTOIS T. BOTELLA NO RETORNABLE 330.0,3980
2025-07,STELLA ARTOIS T. BOTELLA NO RETORNABLE 330.0,4647
2025-08,STELLA ARTOIS T. BOTELLA NO RETORNABLE 330.0,4518
2024-09,STELLA ARTOIS T. LATA NO RETORNABLE 269.0,3745
2024-10,STELLA ARTOIS T. LATA NO RETORNABLE 269.0,4059
2024-11,STELLA ARTOIS T. LATA NO RETORNABLE 269.0,4472
2024-12,STELLA ARTOIS T. LATA NO RETORNABLE 269.0,3991
2025-01,STELLA ARTOIS T. LATA NO RETORNABLE 269.0,3719
2025-02,STELLA ARTOIS T. LATA NO RETORNABLE 269.0,4008
2025-03,STELLA ARTOIS T. LATA NO RETORNABLE 269.0,4180
2025-04,STELLA ARTOIS T. LATA NO RETORNABLE 269.0,4172
2025-05,STELLA ARTOIS T. LATA NO RETORNABLE 269.0,4072
2025-06,STELLA ARTOIS T. LATA NO RETORNABLE 269.0,3902
2025-07,STELLA ARTOIS T. LATA NO RETORNABLE 269.0,3949
2025-08,STELLA ARTOIS T. LATA NO RETORNABLE 269.0,4271
